-- MySQL dump 10.13  Distrib 8.0.34, for Win64 (x86_64)
--
-- Host: localhost    Database: laravel
-- ------------------------------------------------------
-- Server version	8.1.0

/*!40101 SET @OLD_CHARACTER_SET_CLIENT=@@CHARACTER_SET_CLIENT */;
/*!40101 SET @OLD_CHARACTER_SET_RESULTS=@@CHARACTER_SET_RESULTS */;
/*!40101 SET @OLD_COLLATION_CONNECTION=@@COLLATION_CONNECTION */;
/*!50503 SET NAMES utf8 */;
/*!40103 SET @OLD_TIME_ZONE=@@TIME_ZONE */;
/*!40103 SET TIME_ZONE='+00:00' */;
/*!40014 SET @OLD_UNIQUE_CHECKS=@@UNIQUE_CHECKS, UNIQUE_CHECKS=0 */;
/*!40014 SET @OLD_FOREIGN_KEY_CHECKS=@@FOREIGN_KEY_CHECKS, FOREIGN_KEY_CHECKS=0 */;
/*!40101 SET @OLD_SQL_MODE=@@SQL_MODE, SQL_MODE='NO_AUTO_VALUE_ON_ZERO' */;
/*!40111 SET @OLD_SQL_NOTES=@@SQL_NOTES, SQL_NOTES=0 */;

--
-- Table structure for table `__my_books`
--

DROP TABLE IF EXISTS `__my_books`;
/*!40101 SET @saved_cs_client     = @@character_set_client */;
/*!50503 SET character_set_client = utf8mb4 */;
CREATE TABLE `__my_books` (
  `ed_id` int NOT NULL,
  `tags` varchar(200) DEFAULT NULL,
  `fragment` mediumtext,
  PRIMARY KEY (`ed_id`)
) ENGINE=InnoDB DEFAULT CHARSET=utf8mb4 COLLATE=utf8mb4_0900_ai_ci;
/*!40101 SET character_set_client = @saved_cs_client */;

--
-- Dumping data for table `__my_books`
--

LOCK TABLES `__my_books` WRITE;
/*!40000 ALTER TABLE `__my_books` DISABLE KEYS */;
/*!40000 ALTER TABLE `__my_books` ENABLE KEYS */;
UNLOCK TABLES;

--
-- Table structure for table `_answers`
--

DROP TABLE IF EXISTS `_answers`;
/*!40101 SET @saved_cs_client     = @@character_set_client */;
/*!50503 SET character_set_client = utf8mb4 */;
CREATE TABLE `_answers` (
  `id` int NOT NULL AUTO_INCREMENT,
  `text` varchar(200) NOT NULL,
  `q_id` int NOT NULL,
  `r_id` int NOT NULL,
  `size` float NOT NULL,
  PRIMARY KEY (`id`)
) ENGINE=InnoDB AUTO_INCREMENT=72 DEFAULT CHARSET=utf8mb4 COLLATE=utf8mb4_0900_ai_ci;
/*!40101 SET character_set_client = @saved_cs_client */;

--
-- Dumping data for table `_answers`
--

LOCK TABLES `_answers` WRITE;
/*!40000 ALTER TABLE `_answers` DISABLE KEYS */;
INSERT INTO `_answers` VALUES (1,'Хобіт, якого викинуло з буденного життя',1,1,1),(2,'Дівчинка, яку послали на криваве бойовище',1,2,1),(3,'Секретарка, яку закинуло в магічний світ',1,3,1),(4,'Фермер, який вирощує магічних свиней',1,4,1),(5,'Так, це звична річ',2,4,0.5),(6,'Так, він же особливий',2,1,1),(7,'Ні, закохуються не через магію',2,3,1),(8,'Так, через неї на нього полюють',2,2,1),(9,'Відмовився і боровся би з ним',3,1,1),(10,'Погодився, зрадив і зайняв його місце',3,2,1),(11,'Героїня б закохалась, бо всередині він добрий',3,3,1),(12,'Так, він завжди бореться зі злом',4,1,1),(13,'Так, і те, що він герой, не означає, що він має вижити в цих битвах',4,2,1),(14,'Ні, він садить моркву на городі',4,4,1),(15,'Начхав би нього, бо нема йому ще чим зайнятись',3,4,1),(16,'Ні, він надто зайнятий сердечними почуттями',4,3,1),(17,'Піде рятувати світ',5,1,1),(18,'Тяжко сказати, якщо врахувати, що він цей кінець і запустив',5,2,1),(19,'Приділить останні хвилини коханій людині',5,3,1),(20,'Обговорить це з друзями за чашкою кави',5,4,1),(21,'Так, звісно',6,1,1),(22,'Так, але не факт, що він доживе до самого кінця',6,2,0.5),(23,'Ні, нема йому що робити, тільки з хати виходити',6,4,1),(24,'Так, авжеж',7,1,1),(25,'Ні, він має його нищити',7,2,1),(26,'Лише заради коханої людини',7,4,1),(27,'Так, він же герой',8,1,1),(28,'Емм... він має подолати сам себе?',8,2,1),(29,'Ні, ліпше закохати його в себе',8,3,1),(30,'Угу, саме так',13,1,1),(31,'Угу, пророцтва про знищення світу',13,2,1),(32,'Ні, ще чого',13,4,0.5),(33,'Так, звісно',9,1,1),(34,'Так, проблема лише в тому, що решта світу різниться з ним в понятті правильності',9,2,1),(35,'Тьфу ти, нема йому, що робити, тільки думати, що правильно',9,4,1),(36,'Угу, постійно',10,2,1),(37,'Так, і тільки прекрасний любовний інтерес вирве його звідси',10,3,1),(38,'Ні, герой прориває цю кляту завісу мряки та зла!',10,1,1),(39,'Ну, він же не винен, що живе на болоті',10,4,1),(40,'Так, легко',11,2,1),(41,'Ні, в жодному разі!',11,1,1),(42,'Може, але кохання змінить його',11,3,1),(43,'Так, щонайбільшу',12,2,1),(44,'Так, і тільки кохання зцілить його',12,3,1),(45,'А дзуськи, передові науковці винайшли зілля проти психологічних травм',12,4,1),(46,'Так, обов\'язково',14,3,1),(47,'Так, принаймні вона так вдає, щоб підібратися ближче і всадити ножа в спину',14,2,1),(48,'Та ні, в неї нема часу, бо треба рятувати світ',14,1,1),(49,'Так, безперечно',15,3,1),(50,'Так, це обов\'язковий ефект шлюбного поєднання душ в цьому регіоні',15,4,1),(51,'Угу, в її шизофренічних мріях',15,2,1),(52,'Так, легко',16,3,1),(53,'Ні, швидше він змінить її та перетворить в чудовисько',16,2,1),(55,'Може, але не хоче, їй ліньки',16,1,0.5),(56,'Так, це майже напевне',17,3,1),(57,'Ні в якому разі, героїня має здолати його та врятувати від нього світ',17,1,1),(58,'Так, укладати шлюби можна тільки за таких умов (витяг із законодавства)',17,4,1),(59,'Так, магічний інтернет ловить краще за класичний',18,4,1),(60,'Ні, це рідкість',18,1,1),(61,'Буде оточувати, коли любовний інтерес потурбується про це',18,3,1),(62,'Ні, всередині його халупи і так досить весело',19,4,1),(63,'Так, йому треба топати на край світу, ну бо так',19,1,1),(64,'Так, бо в його хату чомусь не телепортуються любовні інтереси',19,3,1),(65,'А що... в нього було помешкання? Його не спалили?',19,2,1),(66,'Так, це така гостросюжетка',20,4,1),(67,'Так, якщо це магічний артефакт, від якого залежить доля світу',20,1,1),(68,'Якби ж то. Якби ж то в нього була чашка і комод...',20,2,1),(69,'Так, неодмінно',21,1,1),(70,'Та ні, необов\'язково',21,4,1),(71,'Немає нічого гострішого за любовні перипетії',21,3,1);
/*!40000 ALTER TABLE `_answers` ENABLE KEYS */;
UNLOCK TABLES;

--
-- Table structure for table `_questions`
--

DROP TABLE IF EXISTS `_questions`;
/*!40101 SET @saved_cs_client     = @@character_set_client */;
/*!50503 SET character_set_client = utf8mb4 */;
CREATE TABLE `_questions` (
  `id` int NOT NULL AUTO_INCREMENT,
  `text` varchar(200) NOT NULL,
  `line_id` int DEFAULT NULL,
  PRIMARY KEY (`id`)
) ENGINE=InnoDB AUTO_INCREMENT=22 DEFAULT CHARSET=utf8mb4 COLLATE=utf8mb4_0900_ai_ci;
/*!40101 SET character_set_client = @saved_cs_client */;

--
-- Dumping data for table `_questions`
--

LOCK TABLES `_questions` WRITE;
/*!40000 ALTER TABLE `_questions` DISABLE KEYS */;
INSERT INTO `_questions` VALUES (1,'Хто Ваш герой?',NULL),(2,'Чи має герой магію?',NULL),(3,'Що зробив би герой, якби лиходій запросив його на свій бік?',NULL),(4,'Чи бере участь герой у епічних битвах?',NULL),(5,'Що зробить герой, якщо взнає, що скоро може бути кінець світу?',NULL),(6,'Чи відправляється герой у подорож?',1),(7,'Чи має герой рятувати світ?',1),(8,'Чи має герой подолати темного володаря?',1),(9,'Чи завжди герой вчиняє так, як правильно?',2),(10,'Чи оточує героя безнадійність, мряка, зло?',2),(11,'Чи може герой бути антагоністом?',2),(12,'Чи має герой психологічну травму?',2),(13,'Чи є герой обранцем пророцтва?',1),(14,'Чи закохується героїня у неймовірно привабливого, на кількасот років старшого чоловіка?',3),(15,'Чи стане героїня безсмертною, якщо її покохає безсмертний герой?',3),(16,'Чи може чиста, невинна героїня змінити темного, порочного героя?',3),(17,'Чи є шанс, що якщо на початку героїня ненавидить героя, то в кінці вони будуть палко закохані?',3),(18,'Чи оточує героя магічний побут?',4),(19,'Чи обов\'язково для сюжету герою покидати своє помешкання?',4),(20,'Чи може бути рушієм сюжету намагання дістати чашку, яка впала за комод?',4),(21,'Чи має сюжет бути гострим та динамічним?',4);
/*!40000 ALTER TABLE `_questions` ENABLE KEYS */;
UNLOCK TABLES;

--
-- Table structure for table `_rezults`
--

DROP TABLE IF EXISTS `_rezults`;
/*!40101 SET @saved_cs_client     = @@character_set_client */;
/*!50503 SET character_set_client = utf8mb4 */;
CREATE TABLE `_rezults` (
  `id` int NOT NULL AUTO_INCREMENT,
  `name` varchar(80) NOT NULL,
  PRIMARY KEY (`id`)
) ENGINE=InnoDB AUTO_INCREMENT=5 DEFAULT CHARSET=utf8mb4 COLLATE=utf8mb4_0900_ai_ci;
/*!40101 SET character_set_client = @saved_cs_client */;

--
-- Dumping data for table `_rezults`
--

LOCK TABLES `_rezults` WRITE;
/*!40000 ALTER TABLE `_rezults` DISABLE KEYS */;
INSERT INTO `_rezults` VALUES (1,'Класичне'),(2,'Темне'),(3,'Любовне'),(4,'Побутове');
/*!40000 ALTER TABLE `_rezults` ENABLE KEYS */;
UNLOCK TABLES;

--
-- Table structure for table `anotation`
--

DROP TABLE IF EXISTS `anotation`;
/*!40101 SET @saved_cs_client     = @@character_set_client */;
/*!50503 SET character_set_client = utf8mb4 */;
CREATE TABLE `anotation` (
  `id` int NOT NULL AUTO_INCREMENT,
  `work_id` int NOT NULL,
  `text` mediumtext NOT NULL,
  PRIMARY KEY (`id`)
) ENGINE=InnoDB AUTO_INCREMENT=40 DEFAULT CHARSET=utf8mb4 COLLATE=utf8mb4_0900_ai_ci;
/*!40101 SET character_set_client = @saved_cs_client */;

--
-- Dumping data for table `anotation`
--

LOCK TABLES `anotation` WRITE;
/*!40000 ALTER TABLE `anotation` DISABLE KEYS */;
INSERT INTO `anotation` VALUES (1,2,'За основу повісті «Захар Беркут» Іван Франко взяв відомості про напад монголів із Гали- цько-Волинського літопису, майстерно доповнивши їх народними переказами. На Червону Русь суне страшне лихо — монгольська орда. Повсюди пожежі, руїни, горе і смерть… Зрадливий боярин вказує монголам шлях і на вільну Тухольщину. Старець Захар Беркут знає, як зупинити ворога, та ще не відає, яку ціну доведеться за це сплатити…'),(2,3,'Граційні й величні фейрі — неземні створіння, прекрасні й довершені, як смертоносний меч тонкої роботи. Та водночас вони підступні й жорстокі, особливо до людського роду. Джуд знає про це, бо один з них посиротив її з сестрами й відвіз до Краю Фейрі. Вона — смертна, яка протягом десяти років зростала під опікою вбивці у суспільстві, де людей зневажають і ненавидять. Дівчина ладна на все, щоб знайти своє місце під сонцем. Навіть протистояти цькуванню юних фейрі під проводом принца Кардана. Коли план Джуд провалюється, інший нащадок короля пропонує їй захист напередодні змін у Краю Фейрі, але не задарма. От-от спалахне полум’я палацового перевороту — і саме вона опиняється в центрі зрад та інтриг. На карту поставлено долю не тільки Джуд та її сестер, а й усього Краю Фейрі. Велика гра королів і принців, королев і корон починається.'),(3,4,'Джуд перетворила розбещеного й байдужого принца Кардана на маріонетку у своїх руках. Тепер, коли він став правителем, маніпуляторка контролює всі його вчинки і стоїть за кожним його рішенням. Одначе Джуд балансує на тонкій кризі, щомиті ризикуючи власною головою. А тим часом народ Краю Фейрі розпочав гру, яка обернулася серйозною небезпекою для Джуд і Кардана. Дівчина не має ані друзів, ані прибічників. Безжальне лезо смертоносного клинка вже нависло над її шиєю. Та найболючішим ударом для Джуд стало розчарування, яке приніс їй Кардан: жорстокий принц перетворився на лихого короля. Ніхто у Краю Фейрі, навіть сама Джуд, не здогадується, чого їм чекати від його правління...'),(4,5,'Владу завжди легше захопити, ніж утримати. Джуд засвоїла цей урок, звільнивши з-під свого контролю короля Кардана й наділивши його всевладністю. Тепер, ставши смертною правителькою Фейрі у вигнанні, Джуд залишається безсилою і спохвачується лише після зради Кардана. Вона вичікує, рішучо налаштована повернути собі все, що він у неї забрав. Утілення задуму прискорює її близнючка Терін, чиє життя опинилося в небезпеці. Щоб урятувати сестру, Джуд має ризикнути, повернувшись до зрадливого Двору Фейрі. От тільки Ельфгейм не такий, яким вона його залишила. На волю виривається заснуле, та все ж потужне прокляття, краєм шириться паніка, що змушує Джуд обирати між честолюбністю і людським єством…'),(5,6,'Землі людей і край чарівних фейрі Прифія ніколи не перетиналися, розділені високою Cтіною та неприязню. Це тривало століттями. Поки одного разу юна мисливиця Фейра не вбила вовка. За його личиною насправді ховався один з фейрі. Тепер безсмертний Тем- лін вимагає відплати. Він забирає Фейру зі світу людей до свого маєтку в Прифії. Довічне ув’язнення з безсмертним — невесела перспектива. Але поступово Фейра розуміє, що між нею і Темліном чимало спільного, попри вік, походження та столітню ненависть. І тоді, коли світ Темліна огорне тінь зла, лише дівчина зі світу людей зможе врятувати край фейрі... Або приректи його на страшну загибель.'),(6,7,'Фейра готується вийти заміж за свого коханого — Темліна. Однак спогад про злочин, який вона вчинила, щоб звільнитися від Амаранти, повертається до неї в жахіттях. Темлін намагається убезпечити її, контролюючи кожний її крок, але дівчина не хоче ставати казковою принцесою. До того ж сам Темлін має дедалі більше таємниць від коханої. Невже це лише для того, щоб її захистити? У цей час Різенд, Лорд Двору Ночі, нагадує про укладену між ними угоду. Певно, хоче скористатися нею для своєї мети. І тепер, коли над Прифією та землями людей нависла загроза жахливої війни, Фейра має вирішити, кому довіряти. На кону життя її сім’ї та доля всього світу. А в чарівному світі фейрі друзі можуть бути небезпечніші за ворогів. Тепер на Фейру очікує боротьба зі значно більшим злом, ніж вона могла собі уявити. Замовляйте мерч за мотивами книг Сари Дж.Маас тут.'),(7,8,'Про книжку: Фейра повертається до Двору Весни, рішуче налаштована дізнатись, що замислив Темлін і могутній, зловісний король Гайберну, який загрожує знищити Прифію. Однак, щоб цього досягти, вона спочатку зіграє в смертельно небезпечну гру. Один невірний крок може знищити не лише Фейру, а й увесь її світ. Боротьба з Гайберном у самісінькому розпалі, і силам добра доведеться вступити в союз із темними силами, якщо вони разом хочуть побороти найбільше зло. Дівчина знову має вирішити, кому довіряти, і шукати спільників у найменш очікуваних місцях. Та, здається, зрадники повсюди, і Фейрі не раз доведеться вдаватися до магії й потрапляти в пастки. Адже незабаром дві армії зіткнуться в кривавій, нерівній боротьбі за владу… Про автора: Сара Дж. Маас — американська письменниця, працює в жанрі фентезі. У шістнадцять років написала дебютний роман серії, завдяки якій здобула світову популярність. Її твори перекладено тридцятьма п’ятьма мовами. «Двір крил і руїн» — третя частина серії книжок, у якій Маас переосмислює класичний сюжет про Красуню та Чудовисько. Твори авторки стали бестселерами за версіями USA Today та The New York Times. Замовляйте мерч за мотивами книг Сари Дж.Маас тут.'),(8,9,'Принцеса Ліра — найнебезпечніша вбивця посеред морської безодні. Серця сімнадцяти юнаків — трофеї, завдяки яким її шанують в утробі моря. Коли вона раптом убиває одну із сирен, її мати, королева морів, перетворює Ліру на істоту, яку зневажає найбільше, — на людину. Щоб знову стати русалкою, Ліра повинна здобути для матері серце принца Еліана, мисливця за сиренами. Принц вважає океан домівкою, попри те що він спадкоємець одного з найвпливовіших королівств у світі. Для нього полювання на русалок — це обов’язок. Але, рятуючи молоду жінку в морі, Еліан і гадки не має, хто вона насправді. Ліра обіцяє допомогти йому остаточно винищити сирен, та чи може він їй довіряти? Хто з них стане переможцем у цій битві? Книжка не залишить байдужим нікого — ані романтичного шукача пригод, ні вдумливого поціновувача оповідей про зростання людської душі.'),(9,10,'Джордж Орвелл — літературний псевдонім письменника, журналіста і публіциста Еріка Артура Блера (1903–1950), відомого своїми антитоталітаристськими та соціал-демократичними поглядами. Дж. Орвелл належить до найвпливовіших письменників Великої Британії середини та другої половини ХХ ст., а роман-антиутопію «1984» називають зразком жанру й довідником із важких часів. Його популярність останнім часом помітно зросла. Двомислення, новомова, поліція думок, міністерство любові, що завдає болю, вганяє у відчай і знищує інакодумців, міністерство миру, яке розпалює війни, роботи-письменники, що продукують порнографічну літературу для відволікання мас… Орвелл відкрив нам очі на те, як функціонують тоталітарні режими. Брехня стане правдою. Ця брехня кожен день змінює минуле… Безперервно заміщаючи будь-які факти, минуле може стати завтра зовсім іншим — і саме це буде правдою. ⠀Кожен ваш погляд, кожен подих і жест уже давно вивчено. У вас немає права на бажання й емоції… Роман бентежить, зворушує, змушує визнати його правдивість і замислитися. Уперше книжку було опубліковано 8 червня 1949 року. Орвелл її написав на тлі руїн, серед голодних, утомлених і змучених війною людей. Однак сьогодні вона актуальна, як ніколи.'),(10,11,'Зла відьма перетворює Софі на старезну бабусю. Дівчина потрапляє в таємничий замок чарівника Хаула і укладає угоду з вогняним демоном, завдяки якому i рухається замок. На шляху до звільнення від закляття Софі доведеться розгадати багато загадок та побороти численні перешкоди...'),(11,12,'Джером Клапка Джером — відомий англійський письменник-гуморист і драматург. У його найкращому творі — повісті “Троє у човні (не кажучи про пса!)” немає ні різкої сатири, ні жорсткого глузу­вання, а натомість із блискучим і доброзичливим гумором показано комізм звичайних життєвих си­туацій. Замість серйозного путівника Темзою автор подарував читачам яскравий і незабутній портрет вікторіанської Англії. Герої Джерома дуже колоритні й симпатичні, а жарти смішні та дотепні, тому книга й досі залишається надзвичайно популярною у світі.'),(12,13,'Історичний роман у віршах «Маруся Чурай» визначної української поетеси Ліни Костенко — один із вершинних творів української літератури, своєрідна енциклопедія духовного життя нашого народу в XVII ст. Висока драма любові вирує на тлі епічних історичних змагань, де доля легендарної Марусі Чурай тісно переплетена з долею України.Подарункове видання з ілюстраціями Владислава Єрка, що надруковані особливим способом — з бронзою і металізованою фарбою. Обкладинка обтягнена коштовною тканиною із золотим та сліпим тисненням.'),(13,14,'Це роман в якому показано становлення «нового українця», який зможе здолати страшний режим імперської системи і вибороти право свого народу на майбутнє. Це гімн людині, яка бореться за своє щастя і перемагає. У творі розповідається про жахливі сторінки історії українського народу – сталінські репресії 30-х років ХХ ст. В основу покладено автобіографічні події: заслання Івана Багряного на далекий Схід, в ГУЛАГ. Утікши із етапного спецпотяга НКВС, що перевозив смертників ГУЛАГу до Сибіру, автор «Тигроловів» майже два роки жив у тайзі, пізнав і полюбив цей далекий і суворий край та його мешканців.'),(14,15,'Повість «Колгосп тварин» — один із найвідоміших у світі алегоричних творів — вперше опублікована 17 серпня 1945 року. За словами Орвелла, у книзі описано події революції 1917 року в Російській імперії й становлення епохи сталінської диктатури в Радянському Союзі. Орвелл був нещадним критиком Йосипа Сталіна і ворогом сталінізму ще з часів громадянської війни в Іспанії. Орвелл вважав, що у Радянському Союзі панує жорстока диктатура, заснована на культі особистості та посилена пануванням терору. Легковпізнавані персонажі та події книги дають можливість поглянути на криваві та страшні сторінки історії нашої держави з нової точки зору, та отримати щеплення від ідей комунізму на багато поколінь вперед.'),(15,16,'«Старий і море» — одна з найвідоміших книг Ернеста Гемінґвея, яка ось уже понад півстоліття вражає мільйони читачів. Уперше за часи незалежності України цей знаковий твір американської та світової літератури вийде друком українською мовою у класичному перекладі Володимира Митрофанова із глибокими та самобутніми ілюстраціями Слави Шульц. Епізод із життя простого кубинського рибалки став світовим шедевром, притчею про натхнення, силу і незламність людського духу та життєву боротьбу. І щоразу він резонує в душі новими сенсами, смислами та символами.'),(16,17,'Хто він, Голден Колфілд? Бунтар? Ні. Філософ, який дав світові якесь нове вчення? Ні. Супермен, який урятував людство від страшенної небезпеки? Ні. Він просто 17-річний хлопчина, який утік зі школи. Він бачить світ та суспільство такими, якими вони є насправді. І тому з тих пір, коли вперше був опублікований роман Джерома Д. Селінджера «Ловець у житі», Голден Колфілд є героєм для багатьох поколінь молоді, яка не хоче жити в рамках, що ставлять дорослі…'),(17,18,'«Маленькі жінки» Луїзи Мей Олкотт — культовий роман багатьох поколінь американських дівчат. Ним зачитувались до самозабуття; над ним плакали і сміялися; його розбирали на цитати й неодноразово екранізували. Четверо сестер — миловида й пухкенька Меґ, незграбна і схильна до хлопчачих витівок Джо, манірна юна леді Емі та сором’язлива жертовна Бет — усі вони намагаються стати хорошими, зазнаючи невдач та здобуваючи маленькі перемоги на шляху до самовдосконалення. Їм співчуваєш і заздриш, разом із ними переживаєш та радієш. І врешті-решт ті далекі американські дівчатка стають по-справжньому близькими тобі, а роман — чи не найулюбленішим!'),(18,19,'Шедевр наукової фантастики! Чи зможе людство вижити? Триффіди — рослини-хижаки, що мають здатність рухатися, чути й навіть мислити. Вони озброєні небезпечними жалами, що вражають жертву отрутою на відстані кількох метрів. Тривалий час триффідів масово розводили на спеціальних фермах заради цінних речовин, які ті виробляли. При цьому дотримувалися всіх можливих засобів безпеки. Але одного разу система вийшла з ладу Внаслідок потужного зорепаду більша частина людства осліпла. Ті, хто дивом не втратили зір, намагаються подолати наслідки катастрофи. Однак є дещо страшніше за руїни й хаос: триффіди вирвалися на свободу й розпочали жорстоке полювання на людей Справжній англійський апокаліпсис. Віндем, як і Герберт Уеллс, майстерно передає відчуття катастрофи та вторгнення Недарма Стівен Кінг так захоплюється Джоном Віндемом (Ремзі Кемпбелл, британський письменник) Про автора: Джон Віндем — культовий англійський письменник, визнаний майстер жанру, якого називають класиком світової фантастики, володар численних престижних міжнародних відзнак. Його твори стоять в одному ряду з такими шедеврами, як «Війна світів» Герберта Уеллса, «Я – легенда» Річарда Метісона та «Протистояння» Стівена Кінга.'),(19,20,'«Граф Монте-Крісто» Александра Дюма — один із улюблених романів багатьох поколінь читачів. Це розповідь про несправедливо засудженого й ув’язненого в замку Іф юнака Едмона Дантеса. Зумівши утекти з в’язниці й відшукавши скарб, він прагне справедливості та відплати... Що чекає на його кривдників? Чи принесе ця помста задоволення самому Дантесові? Поділ на розділи та томи здійснено на основі прижиттєвого видання твору, такого ж принципу дотримуються і європейські видавці.'),(20,21,'Якщо наш читач упевнений у тому, що для мандрівок у часі потрібна якась машина, то він дещо відстав від життя. Німецька письменниця Керстін Ґір вирішує цю проблему в ультрасучасному дусі. Її героїня, Ґвен Шеффер, обходиться геном мандрівника в часі. Щоправда, він геть чудернацький: часом візьме й закине дівчину в минуле, де вона почувається не в своїй тарілці Але Ґвен вдається з’ясувати, що за цим криється таємне товариство Коло Дванадцяти, а кожен обраний має ім’я на честь самоцвіту, — і все перетворюється на гру-інтригу з купою загадок і пошуками відповіді на них «Рубінова книга» — перший роман з трилогії Таймлесс німецької письменниці Керстін Гір, що вийшов в 2009 році, перекладений на 50 мов і став бестселером у багатьох країнах. У 2017 році роман був випущений в Україні видавництвом Школа.'),(21,22,'\"Сапфірова книга\" — продовження трилогії \"Таймлесс\" німецької письменниці Керстін Гір, що вийшов в 2010. Ґвендолін готується до вечірки в минулому. У неї купа запитань, але головне - одне: кохає чи не кохає? І ось надходить мить, коли дівчина опиняється у світі інтриг і таємниць, де дідусь - майже її ровесник, за рогом підстерігають озброєні люди в чорному, а загадковий граф Сен-Жермен розповідає химерні історії. І в цій круговерті таємниць світ раптом стає догори дриґом...'),(22,23,'У цій книзі на головну героїню Ґвендолін чекають неймовірні випробування: її серце розбите, почуття геть спаплюжені, довкола самі лише таємниці, які приховують моторошну правду. У цій шаленій круговерті подій Ґвен не раз постає перед тяжким вибором: як пробачити власних батьків? Чи можна довіряти коханому? Як не стати жертвою графа Сен-Жермена та Вартових? Як гідно завершити гру, з якої вийти неможливо? Здається, всюди суцільна пітьма і виходу годі знайти, проте доля раптово посилає у життя Ґвен тих, хто стане на її бік і підкаже вихід. Для старшого шкільного віку.'),(23,24,'Іван Нечуй-Левицький (1838—1918) — видатний український письменник-реаліст, який написав понад п’ятдесят романів, повістей, оповідань, казок, п’єс з народного життя. Майстер слова мав на меті якомога глибше розробити «непочаті рудники» українського життя і створити правдиві образи людей з усіх верств суспільства. Колоритні постаті героїв, соковитий гумор та сміливе поєднання трагічного з комічним зробили твори Нечуя-Левицького справжніми перлинами української прози. За словами Івана Франка, повість «Кайдашева сім’я» належить до «найкращих оздоб українського письменства». Ми зустрічаємося з героями: Кайдашем, його дружиною Марусею та двома їх синами Карпом і Лавріном у переламний момент існування сім\'ї, коли дорослішають діти, обирають собі пари і починається інше життя.'),(24,25,'Разом із героями науково-фантастичної повісті А. К. Дойла читач потрапить у світ динозаврів, жахливих мавп і дивовижної краси первісний Утрачений світ. Захопливий сюжет, неймовірні пригоди, сутички з дикими тваринами — і суто англійський гумор, що змушує усміхатися навіть у найскрутніші моменти.'),(25,26,'Ви, може, не знаєте, та колись кожен вікінг мав власного дракона. Інші народи приручали собак, коней, буйволів... А вікінги — драконів. Однак юний вікінг спершу мусив упіймати собі дракона. Це було непросто. Потім — приручити його, а це ще складніше. Усе разом називають випробуванням драконячим вихованням. Того, хто його не пройде, виганяють із племені. Коли Гиккус, геть не кремезний юнак, син вождя племені патлатих розбишак з острова Лобур, вирушив на лови свого дракона, він не сподівався, що пройти випробування буде легко. Проте навіть не підозрював, що йому з дракончиком Беззубком судилося стати героями!'),(26,27,'Битва на Синіх Водах – перша в історії поневолених народів переможна битва об’єднаного українсько-литовсько-білоруського війська з татарською ордою, внаслідок якої українські землі здобули незалежність. Сталося це за шість років до переможних походів Тамерлана і за вісімнадцять – до Куликовської битви. Волею долі удільний князь Дмитро Боброк опиняється в центрі подій, що, зрештою, призводять до однієї з найбільших битв в історії середньовічної Європи. Вистояти в смертельній боротьбі йому допо-магають троє юних відчайдухів. Разом з героями роману визначного україн-ського прозаїка Володимира Рутківського читач стане свідком і учасником тих героїчних подій і переконається, що потяг до свободи долає будь-які перепони. Це нова — скорочена і доопрацьована — версія роману.'),(27,28,'Захоплива книжка про янгольську дівчинку, що її батько навчив дякувати за все Богові та людям, шукати навіть за найнесприятливіших обставин у житті тільки позитивне та хороше. Змінюючись сама, головна героїня завдяки невичерпному оптимізму й життєрадісності змінює довкола себе і людей, і світ. Цікавий твір — на всі часи.'),(28,29,'Продовження роману Елеонор Портер «Поліанна», найпопулярнішої книжки в Америці після Біблії. В ній Поліанна вже виросла. Які приємні й неприємні сюрпризи чатують на молоду дівчину, що повернулася до міста свого дитинства. І головне, чи зарадить уже дорослій героїні незвичайна гра, що виручала її не раз і несподівано нагадала про себе знову?'),(29,30,'Море знає багато легенд. Олександр Грін додав до них ще одну: роман «Та, що біжить по хвилях» (1928 p.). Ця чудова романтико-фантастична історія майже сто років хвилює серця юних читачів. Екіпаж судна «Морська зірка» підбирає таємничого незнайомця. Від смерті у відкритому морі його врятувала дівчина-примара, яка линула по хвилях. Так починаються захопливі події, сповнені таємничих, фатальних збігів та пригод...'),(30,31,'«Пурпурові вітрила» — повість-феєрія про непохитну віру в диво і всеперемагаючу, піднесену мрію, написана в 1916–1922 роках.'),(31,32,'Едгар Аллан По (1809–1849) — американський письменник-романтик, майстер новели, основоположник детективного оповідання і науково-фантастичної повісті. Світ творів письменника химерний і водночас вишуканий. Його закони підпорядковуються не загальноприйнятій логіці, а лише грі авторської уяви. До книги увійшли оповідання «Дивний вплив месмеризму на скін чоловіка», «Рукопис, знайдений у пляшці», «Викрадений лист», «Провалля та маятник», «Золотий жук», в яких яскраво проявився незвичайний письменницький талант Е. А. По.'),(32,33,'Ім’я Івана Петровича Котляревського (1769—1838),засновника нової української літератури, пов’язують, у першу чергу, з його поемою «Енеїда» (1798). Це була перша друкована українська книга, написана народною мовою,перша національна поема. Запозичивши сюжет античної поеми Вергілія, Котляревський наповнив цей твір дотепним українським гумором, повір’ями, звичаями, картинами воєнного і мирного життя, описом одягу, страв — усе це надає поемі яскравого національного колориту. «Енеїду» сміливо можна назвати своєрідною енциклопедією українського побуту кінця ХVІІІ — початку ХІХ століття. В книзі вміщено ілюстрації видатного українського художника Анатолія Базилевича.'),(33,34,'Роман-антиутопія в жанрі наукової фантастики. Вперше побачив світ 1953 року. Розповідає про споживацьке суспільство майбутнього, у якому панує майже цілковитий контроль над людьми. Державні органи намагаються підпорядкувати собі навіть думки людей. Книги заборонено, незаконним вважають читання і переховування будь-якої літератури, за порядком мають слідкувати пожежники.  451˚ за Фаренгейтом (233˚ за Цельсієм) — температура, при якій загоряється папір. Пожежники не гасять вогонь, вони його розпалюють, палять книжки. Тому що пожежники — опора режиму, запорука того, що люди не читатимуть книжок, адже книги спонукають думати і аналізувати. Проте у цьому пекельному царстві темряви залишилися невеличкі духовні острівці, що зберігають рештки інтелектуального надбання людства. Це люди-книги, люди, що вивчають напам’ять зміст друкованих видань і тримають їх у своїй свідомості. Піднімаючи у «451° за Фаренгейтом» тему глобального безкультур’я та тотального відходу від дійсності суспільства, Бредбері намагається донести до читачів важливість зберігати тисячолітні культурні набутки, охороняти віковічні пласти мудрості, що були і є запорукою цивілізації. Перекладено українською мовою Євгеном Крижевичем.'),(34,35,'Проста, на перший погляд, історія про патологоанатома-невдаху. Северина не цінують на роботі й мало платять, з особистим життям чоловіка відбувається щось незрозуміле, самооцінка на нулі. Тож перебуваючи практично на дні, він одразу ж хапається за можливість підзаробити. Так, пропозиція не зовсім легальна, так, навряд чи можна чекати чогось доброго від ринку трансплантації органів, але так спокусливо нарешті влаштувати собі забезпечене життя. Зрештою, Северин має забрати в уже мертвих людей якусь дрібничку, те, що їм і так не потрібно. Поки що у мертвих людей, поки що дрібничку. Крок за кроком, рішення за рішенням патологоанатом змінюється, трансформується — так в усіма зневаженого чоловіка на межі алкоголізму спершу проростає впевненість у собі, а за нею і безпринципність. Скоївши один злочин, він набагато легше вчиняє інший, а за ним і наступний. Те, що вчора Северин вважав неприпустимим, стає новою нормою. Та й узагалі виникає питання: чи здатен він тепер зупинитися і як далеко може зайти? Про автора Андрій Сем\'янків — лікар, автор блогу MED GOblin та бестселера «Медицина доказова і не дуже». Відгук про книжку \"танці з кістками\" Книжка Андрія Сем\'янківа виконує одну з найголовніших місій літератури - розважати. Такого захопливого сюжету в українській літературі не було давно. \"Танці з кістками\" має всі шанси стати бестселером не лише в Україні, а й за її межами, щойно її перекладуть іншими мовами. Це Breaking Bad по-українськи. Марта Шокало, редакторка BBC News Україна та член журі конкурсу Книга року ВСС 2022'),(35,36,'Світ, осяяний священним світлом Зірок, уже кілька років роздирає війна. Князівство крилатих, Ретон, опиняється в епіцентрі конфлікту могутніх людських держав. На плечі юного княжича Янна лягає важкий обов\'язок: відновити спадкове право, встановити мир на рідній землі та припинити винищення одноплемінників. Але вижити у світі, де на полі бою повстають мертві, а живі керують монстрами, — це завдання геть не просте, бо вороги плетуть інтриги, а союзники вимагають завеликої плати за допомогу. У динамічному фентезі, заснованому на реальних подіях європейського середньовіччя, не існує простих рішень, але є місце для правди, епічних битв і кохання! «Зірки й кістки» починають історію великої боротьби, де кожен із героїв зустрінеться із власною темрявою. Ірина Грабовська — українська письменниця і блогерка. Народилася на Донеччині, мешкає в Києві, працює в IT. Пише в жанрах стімпанку, фентезі, історичного роману'),(36,37,'«ЗЕМЛЯ КРИЛАТИХ» — ДРУГА ЧАСТИНА ТРИЛОГІЇ «ЗАМОК ІЗ КРИШТАЛЮ» СЕРЕДНЬОВІЧНЕ ФЕНТЕЗІ МЕЧА І МАГІЇ Янн програв битву за князівство, але не війну. Втім є дещо жахливіше. Єством птаха заволодів жорстокий демон, і тепер друзі його бояться, молода дружина ненавидить, а вороги снують плани. Мрія врятувати крилатий народ, здається, більше не надихає княжича, тепер усе, чого він хоче, — це помста. Ретон, Земля Крилатих, за крок до занурення в пітьму. Але чи зможуть бажання демона пересилити любов? Долі держав балансують на линві з амбіцій, упереджень, смертельних образ і магії правителів, одержимих боротьбою за владу. У вирі битв та інтриг кожен крок може стати фатальним. Тож чи варті чогось правда, честь і дружба у великій грі? Героям доведеться збагнути глибини власної суті, щоби знайти неочікувані відповіді. «Земля Крилатих» продовжує епічну історію, натхненну реальними подіями європейського Середньовіччя. Проа авторку Ірина Грабовська — українська письменниця і блогерка. Народилася в м. Сніжному на Донеччині, мешкає в Києві, працює в IT. Пише в жанрах стимпанку, фентезі, історичного роману.'),(37,38,'Далекого 1714 року у Франції одна дівчина укладає фаустівську угоду, щоб отримати вічне життя. Але угода виявляється прокляттям: тепер її забуватимуть усі, кого вона зустріне на своєму шляху. Так починається неймовірне життя Адді Лярю, її приголомшлива подорож століттями і континентами, історією і мистецтвом, під час якої вона шукає способу залишити слід у світі. Проте одного дня, триста років по тому, все змінюється, коли Адді в одній непримітній книгарні натрапляє на юнака, який пам’ятає її ім’я. Бестселер The New York Time та The Washington Post. Рекомендує Oprah Magazine.'),(38,39,'Немає, мабуть, знаменитішого роману за роман Марка Твена «Пригоди Тома Сойєра», що його залюбки читають уже майже півтора століття діти й дорослі. І це не дивно, адже тут є все, що так захоплює читача: романтика пригод, живий гумор, цікавий сюжет із несподіваними поворотами і навіть любовні переживання головного героя — шибеника й витівника Тома Сойєра!'),(39,40,'«Не відчиняй незнайомих Дверей» – радить Кодекс чаклунів. Іґніса Еміліуша це завжди влаштовувало: попри талант до магії та благословення Духа Вогню, він тримався якнайдалі від гризот трьох великих родів і уникав Декорацій, зворотного боку реальності. Та зустріч із Ґайєю вирвала його з буднів і кинула в неспинну мандрівку, сповнену відкриттів. Адже світ – небезпечний і неймовірний, Ґайя – таємнича та ще й пов’язаний з одним із магічних Ключів Іґніса і давньою легендою, через яку чаклунська спільнота втратила спокій. Тепер магові доведеться згадати, що він – лорд могутньої родини, і поміж загрозами, втечами та раптовими альянсами вловити смак життя. Бо поряд – людина, в якої дуже багато планів. І за кожними з чаклунських Дверей чекає новий поворот.');
/*!40000 ALTER TABLE `anotation` ENABLE KEYS */;
UNLOCK TABLES;

--
-- Table structure for table `avtor_work`
--

DROP TABLE IF EXISTS `avtor_work`;
/*!40101 SET @saved_cs_client     = @@character_set_client */;
/*!50503 SET character_set_client = utf8mb4 */;
CREATE TABLE `avtor_work` (
  `av_id` int NOT NULL,
  `w_id` int NOT NULL,
  PRIMARY KEY (`av_id`,`w_id`)
) ENGINE=InnoDB DEFAULT CHARSET=utf8mb4 COLLATE=utf8mb4_0900_ai_ci;
/*!40101 SET character_set_client = @saved_cs_client */;

--
-- Dumping data for table `avtor_work`
--

LOCK TABLES `avtor_work` WRITE;
/*!40000 ALTER TABLE `avtor_work` DISABLE KEYS */;
INSERT INTO `avtor_work` VALUES (2,2),(3,3),(3,4),(3,5),(4,6),(4,7),(4,8),(5,9),(6,10),(6,15),(7,11),(8,12),(9,13),(10,14),(11,16),(13,24),(14,17),(15,18),(16,19),(19,20),(20,21),(20,22),(20,23),(21,25),(22,26),(23,27),(24,28),(24,29),(25,30),(25,31),(27,32),(28,33),(29,34),(30,35),(31,36),(31,37),(32,38),(33,39),(34,40);
/*!40000 ALTER TABLE `avtor_work` ENABLE KEYS */;
UNLOCK TABLES;

--
-- Table structure for table `blog_categories`
--

DROP TABLE IF EXISTS `blog_categories`;
/*!40101 SET @saved_cs_client     = @@character_set_client */;
/*!50503 SET character_set_client = utf8mb4 */;
CREATE TABLE `blog_categories` (
  `id` int NOT NULL AUTO_INCREMENT,
  `name` varchar(45) NOT NULL,
  `created_at` datetime DEFAULT NULL,
  `updated_at` datetime DEFAULT NULL,
  PRIMARY KEY (`id`)
) ENGINE=InnoDB AUTO_INCREMENT=5 DEFAULT CHARSET=utf8mb4 COLLATE=utf8mb4_0900_ai_ci;
/*!40101 SET character_set_client = @saved_cs_client */;

--
-- Dumping data for table `blog_categories`
--

LOCK TABLES `blog_categories` WRITE;
/*!40000 ALTER TABLE `blog_categories` DISABLE KEYS */;
INSERT INTO `blog_categories` VALUES (1,'Авторська колонка',NULL,NULL),(2,'Літературні новини',NULL,NULL),(3,'Літературна критика',NULL,NULL),(4,'Рецензія на книгу',NULL,NULL);
/*!40000 ALTER TABLE `blog_categories` ENABLE KEYS */;
UNLOCK TABLES;

--
-- Table structure for table `blogs`
--

DROP TABLE IF EXISTS `blogs`;
/*!40101 SET @saved_cs_client     = @@character_set_client */;
/*!50503 SET character_set_client = utf8mb4 */;
CREATE TABLE `blogs` (
  `id` int NOT NULL AUTO_INCREMENT,
  `title` varchar(100) NOT NULL,
  `content` mediumtext NOT NULL,
  `category_id` int DEFAULT NULL,
  `user_id` int NOT NULL,
  `created_at` datetime DEFAULT NULL,
  `updated_at` datetime DEFAULT NULL,
  PRIMARY KEY (`id`)
) ENGINE=InnoDB AUTO_INCREMENT=3 DEFAULT CHARSET=utf8mb4 COLLATE=utf8mb4_0900_ai_ci;
/*!40101 SET character_set_client = @saved_cs_client */;

--
-- Dumping data for table `blogs`
--

LOCK TABLES `blogs` WRITE;
/*!40000 ALTER TABLE `blogs` DISABLE KEYS */;
INSERT INTO `blogs` VALUES (1,'Інтуїтивний метод творчості (штампи)','<p><strong>Про те, звідки у творах беруться штампи, і як із ними боротися.</strong></p>\r\n<p style=\"text-align: justify;\"><span lang=\"uk\" xml:lang=\"uk\">Ще хочу розповісти вам, як у текст потрапляють штампи. Конструктори стверджують, що молоді автори \"полюбляють\" писати з використанням штампів. Це не так. Найпоширеніша причина потрапляння штампів у текст &ndash; надто велике шанування авторитетів і любов до прочитаного. Вам сподобалася фраза, сцена, образ, ви вважаєте, що вони підходять, висловлюють суть, допоможуть краще вплинути на читача (на вас же вони вплинули). Але у випадку такого запозичення текст стає мертвим, він не проживається, і в результаті запозичення чужого знищує реальність вашого твору.</span></p>\r\n<p style=\"text-align: justify;\"><span lang=\"uk\" xml:lang=\"uk\">Будь-яка, навіть сама заяложена фраза, в яку ви вклали сильну емоцію, перестає бути такою. Ваші почуття дають їй нове життя (читач просто прийме її, не замислюючись), але чим більше стерта фраза, тим сильнішою має бути емоція, яка очищує її від минулого використання. Це не стосується непрямих цитат, за ними назавжди закріпилося авторство.</span></p>\r\n<p style=\"text-align: justify;\"><span lang=\"uk\" xml:lang=\"uk\">Але що робити, наприклад, із таким поняттям як кохання? Тільки ледачий не писав про кохання &ndash; вважають конструктори. Але від цього кохання нікуди не поділося. Банальним є все: побачення відбувається вдень &ndash; банально, вночі &ndash; теж, є фінальна битва &ndash; конструктори назвуть вам десятки книг із фінальною битвою, немає &ndash; теж за прикладами в кишеню не полізуть.</span></p>\r\n<p style=\"text-align: justify;\"><span lang=\"uk\" xml:lang=\"uk\">До чого я веду? Все просто: в октаві лише сім нот, їх знають усі, але хіба кожен пише опери? Так і зі словами, про які вам будуть казати, що це \"штампи\" і написане \"банальне\". Ваші почуття їх очищають, інакше людству довелося б постійно створювати принципово нові слова і мови.</span></p>\r\n<p style=\"text-align: justify;\"><span lang=\"uk\" xml:lang=\"uk\">Причину першу появи штампів ми з\'ясували &ndash; авторитет, чужий вплив, нехай і не навмисний. Причина друга &ndash; лінь або втома. Вам важко дослухатися до себе, емоційне напруження вас утомило, тому у вашу мову лізуть звичайні, емоційно не заряджені слова (всі ваші почуття з\'їло попереднє емоційне напруження), або вам просто лінь, і ви пишете, не замислюючись, не перебуваючи в просторі свого світу. Третя причина &ndash; поспіх. Чи зможете ви насолодитися співом птахів, коли на шаленій швидкості мчите по шосе?</span></p>\r\n<p style=\"text-align: justify;\"><span lang=\"uk\" xml:lang=\"uk\">Але, на щастя, штампи легко виправити у написаному тексті, або взагалі їх викреслити. На них вкаже компас: під час уважного читання ви відчуєте, як зміниться відчуття, у таких місцях часто дає збій ритмомелодика, що ви почуєте під час читання вголос. Це те зло, з яким можна боротися.</span></p>',NULL,1,'2023-11-14 08:56:32','2024-01-26 15:48:59'),(2,'Життя прекрасне','<p><strong>Різне форматування</strong></p>\r\n<ul>\r\n<li><strong>спи</strong><em><span style=\"text-decoration: underline;\">сок</span></em></li>\r\n<li style=\"font-style: italic;\"><em><span style=\"text-decoration: underline;\">1</span></em></li>\r\n<li style=\"font-style: italic;\"><em><span style=\"text-decoration: underline;\">2</span></em></li>\r\n<li style=\"font-style: italic;\"><em><span style=\"text-decoration: underline;\">3</span></em></li>\r\n</ul>',NULL,1,'2023-11-20 19:43:18','2023-11-21 12:57:43');
/*!40000 ALTER TABLE `blogs` ENABLE KEYS */;
UNLOCK TABLES;

--
-- Table structure for table `chat_user`
--

DROP TABLE IF EXISTS `chat_user`;
/*!40101 SET @saved_cs_client     = @@character_set_client */;
/*!50503 SET character_set_client = utf8mb4 */;
CREATE TABLE `chat_user` (
  `chat_id` int NOT NULL,
  `user_id` int NOT NULL,
  `is_admin` tinyint DEFAULT NULL,
  `last_visited_at` datetime DEFAULT NULL,
  `created_at` datetime DEFAULT NULL,
  `updated_at` datetime DEFAULT NULL,
  PRIMARY KEY (`chat_id`,`user_id`)
) ENGINE=InnoDB DEFAULT CHARSET=utf8mb4 COLLATE=utf8mb4_0900_ai_ci;
/*!40101 SET character_set_client = @saved_cs_client */;

--
-- Dumping data for table `chat_user`
--

LOCK TABLES `chat_user` WRITE;
/*!40000 ALTER TABLE `chat_user` DISABLE KEYS */;
INSERT INTO `chat_user` VALUES (2,1,1,'2024-01-08 11:01:58','2023-11-14 08:48:17','2024-01-08 11:01:58'),(2,2,1,'2023-11-21 13:03:11','2023-11-14 08:48:17','2023-11-21 13:03:11'),(3,1,1,NULL,'2023-11-14 08:55:09','2023-11-14 08:55:09'),(3,2,NULL,NULL,NULL,NULL),(3,3,NULL,NULL,NULL,NULL);
/*!40000 ALTER TABLE `chat_user` ENABLE KEYS */;
UNLOCK TABLES;

--
-- Table structure for table `chats`
--

DROP TABLE IF EXISTS `chats`;
/*!40101 SET @saved_cs_client     = @@character_set_client */;
/*!50503 SET character_set_client = utf8mb4 */;
CREATE TABLE `chats` (
  `id` int NOT NULL AUTO_INCREMENT,
  `name` varchar(100) DEFAULT NULL,
  `work_id` int DEFAULT NULL,
  `type` int DEFAULT NULL,
  `is_public` tinyint DEFAULT NULL,
  `is_deleted` tinyint DEFAULT NULL,
  `about` mediumtext,
  `tematic_id` int DEFAULT NULL,
  `item_id` int DEFAULT NULL,
  `created_at` datetime DEFAULT NULL,
  `updated_at` datetime DEFAULT NULL,
  PRIMARY KEY (`id`)
) ENGINE=InnoDB AUTO_INCREMENT=4 DEFAULT CHARSET=utf8mb4 COLLATE=utf8mb4_0900_ai_ci;
/*!40101 SET character_set_client = @saved_cs_client */;

--
-- Dumping data for table `chats`
--

LOCK TABLES `chats` WRITE;
/*!40000 ALTER TABLE `chats` DISABLE KEYS */;
INSERT INTO `chats` VALUES (1,NULL,NULL,1,NULL,NULL,NULL,NULL,NULL,'2023-11-14 08:47:42','2023-11-14 08:47:42'),(2,NULL,NULL,1,NULL,NULL,NULL,NULL,NULL,'2023-11-14 08:48:17','2023-11-14 08:48:17'),(3,'Літературні балачки',NULL,2,NULL,NULL,'Форум про всякі літературні балачки.',NULL,NULL,'2023-11-14 08:55:09','2023-11-14 08:55:09');
/*!40000 ALTER TABLE `chats` ENABLE KEYS */;
UNLOCK TABLES;

--
-- Table structure for table `classificator`
--

DROP TABLE IF EXISTS `classificator`;
/*!40101 SET @saved_cs_client     = @@character_set_client */;
/*!50503 SET character_set_client = utf8mb4 */;
CREATE TABLE `classificator` (
  `w_id` int NOT NULL,
  `user_id` int NOT NULL,
  `option_id` int NOT NULL,
  PRIMARY KEY (`w_id`,`user_id`,`option_id`)
) ENGINE=InnoDB DEFAULT CHARSET=utf8mb4 COLLATE=utf8mb4_0900_ai_ci;
/*!40101 SET character_set_client = @saved_cs_client */;

--
-- Dumping data for table `classificator`
--

LOCK TABLES `classificator` WRITE;
/*!40000 ALTER TABLE `classificator` DISABLE KEYS */;
INSERT INTO `classificator` VALUES (3,1,2),(3,1,23),(3,1,59),(3,1,77),(3,1,137),(3,1,151),(3,1,155),(3,1,164),(3,1,168),(3,1,172),(3,2,59),(4,1,2),(4,1,23),(4,1,59),(4,1,77),(4,1,137),(4,1,151),(4,1,155),(4,1,164),(4,1,168),(4,1,172),(5,1,2),(5,1,23),(5,1,59),(5,1,77),(5,1,137),(5,1,151),(5,1,155),(5,1,164),(5,1,168),(5,1,172),(13,2,1),(13,2,38),(32,1,1),(32,1,5),(32,1,49),(39,1,1),(39,1,49),(40,1,2),(40,1,23),(40,1,27),(40,1,66),(40,1,77),(40,1,137),(40,1,153),(40,1,169),(40,1,174);
/*!40000 ALTER TABLE `classificator` ENABLE KEYS */;
UNLOCK TABLES;

--
-- Table structure for table `classificator_group`
--

DROP TABLE IF EXISTS `classificator_group`;
/*!40101 SET @saved_cs_client     = @@character_set_client */;
/*!50503 SET character_set_client = utf8mb4 */;
CREATE TABLE `classificator_group` (
  `id` int NOT NULL AUTO_INCREMENT,
  `name` varchar(100) NOT NULL,
  `radio` tinyint DEFAULT NULL,
  `sort_index` int DEFAULT NULL,
  PRIMARY KEY (`id`)
) ENGINE=InnoDB AUTO_INCREMENT=13 DEFAULT CHARSET=utf8mb4 COLLATE=utf8mb4_0900_ai_ci;
/*!40101 SET character_set_client = @saved_cs_client */;

--
-- Dumping data for table `classificator_group`
--

LOCK TABLES `classificator_group` WRITE;
/*!40000 ALTER TABLE `classificator_group` DISABLE KEYS */;
INSERT INTO `classificator_group` VALUES (1,'Наявність фантастичних елементів',1,1),(2,'Жанр',0,2),(3,'Характеризується як',0,3),(4,'Місце дії',0,5),(5,'Час дії',0,6),(6,'Сюжетні ходи',0,4),(7,'Вікова категорія',0,11),(8,'Особа оповіді',0,7),(9,'Час оповіді',0,8),(10,'Фокальний персонаж',0,10),(11,'Додатково',0,12),(12,'Тип сюжету',0,9);
/*!40000 ALTER TABLE `classificator_group` ENABLE KEYS */;
UNLOCK TABLES;

--
-- Table structure for table `classificator_option`
--

DROP TABLE IF EXISTS `classificator_option`;
/*!40101 SET @saved_cs_client     = @@character_set_client */;
/*!50503 SET character_set_client = utf8mb4 */;
CREATE TABLE `classificator_option` (
  `id` int NOT NULL AUTO_INCREMENT,
  `name` varchar(100) NOT NULL,
  `group_id` int NOT NULL,
  `change_id` int DEFAULT NULL,
  `change` tinyint DEFAULT NULL,
  `sort_index` int DEFAULT NULL,
  PRIMARY KEY (`id`)
) ENGINE=InnoDB AUTO_INCREMENT=175 DEFAULT CHARSET=utf8mb4 COLLATE=utf8mb4_0900_ai_ci;
/*!40101 SET character_set_client = @saved_cs_client */;

--
-- Dumping data for table `classificator_option`
--

LOCK TABLES `classificator_option` WRITE;
/*!40000 ALTER TABLE `classificator_option` DISABLE KEYS */;
INSERT INTO `classificator_option` VALUES (1,'реалістичний',1,NULL,0,1),(2,'фантастичний',1,NULL,1,2),(3,'бойовик',2,NULL,0,NULL),(4,'вестерн',2,NULL,0,NULL),(5,'детектив',2,NULL,0,NULL),(6,'жахи',2,NULL,0,NULL),(7,'любовний роман',2,NULL,0,NULL),(8,'магічний реалізм',2,2,0,NULL),(9,'містика',2,2,0,NULL),(10,'сюрреалізм',2,NULL,0,NULL),(11,'трилер',2,NULL,0,NULL),(12,'фантастика',2,2,1,NULL),(13,'наукова фантастика',2,12,0,NULL),(14,'гуманітарна фантастика',2,12,0,NULL),(15,'космоопера',2,12,0,NULL),(16,'планетарна фантастика',2,12,0,NULL),(17,'темпоральна фантастика, хронофантастика',2,12,0,NULL),(18,'альтернативна історія',2,12,0,NULL),(19,'кіберпанк',2,12,0,NULL),(20,'таймпанк',2,12,0,NULL),(21,'постапокаліптика',2,12,0,NULL),(22,'утопія',2,12,0,NULL),(23,'фентезі',2,2,1,NULL),(24,'героїчне фентезі',2,23,0,NULL),(25,'епічне, класичне фентезі',2,23,0,NULL),(26,'ігрове фентезі',2,23,0,NULL),(27,'міське фентезі',2,23,0,NULL),(28,'темне фентезі',2,23,0,NULL),(29,'технофентезі',2,23,0,NULL),(30,'анімалістичне фентезі',2,23,0,NULL),(31,'виробничий',3,NULL,0,NULL),(32,'військовий',3,NULL,0,NULL),(33,'гумористичний',3,NULL,0,NULL),(34,'драматичний',3,NULL,0,NULL),(35,'еротичний',3,NULL,0,NULL),(36,'іронічний',3,NULL,0,NULL),(37,'історичний роман',2,NULL,0,NULL),(38,'ліричний',3,NULL,0,NULL),(39,'науково-популярний, пізнавальний',3,NULL,0,NULL),(40,'пародійний',3,NULL,0,NULL),(41,'пригодницький, авантюрний',3,NULL,0,NULL),(42,'психоделічний',3,NULL,0,NULL),(43,'психологічний',3,NULL,0,NULL),(44,'релігійний',3,NULL,0,NULL),(45,'сатиричний',3,NULL,0,NULL),(46,'соціально-побутовий',3,NULL,0,NULL),(47,'феміністичний',3,NULL,0,NULL),(48,'філософський',3,NULL,0,NULL),(49,'наш світ (Земля)',4,NULL,1,NULL),(50,'Європа',4,49,0,NULL),(51,'Україна-Русь',4,49,0,NULL),(52,'Азія',4,49,0,NULL),(53,'Америка Північна',4,49,0,NULL),(54,'Америка Південна',4,49,0,NULL),(55,'Африка',4,49,0,NULL),(56,'Австралія і Океанія',4,49,0,NULL),(57,'Арктика/Антарктида',4,49,0,NULL),(58,'Світовий океан, моря, під водою, віддалений острів',4,49,0,NULL),(59,'вигадані континенти, землі, країни',4,2,0,NULL),(60,'поза Землею',4,NULL,1,NULL),(61,'Місяць, на земній орбіті',4,60,0,NULL),(62,'планети Сонячної системи',4,60,0,NULL),(63,'вигадані, незнайдені планети',4,2,0,NULL),(64,'відкритий космос',4,60,0,NULL),(65,'планети іншої зоряної системи',4,60,0,NULL),(66,'інший світ, не пов\'язаний з нашим',4,2,0,NULL),(67,'паралельний світ',4,2,0,NULL),(68,'потойбічний, загробний світ',4,2,0,NULL),(69,'віртуальна реальність',4,2,0,NULL),(70,'вторинний літературний світ',4,2,0,NULL),(71,'долюдські часи',5,NULL,0,1),(72,'кам\'яний вік',5,NULL,0,2),(73,'античність',5,NULL,0,3),(74,'середньовіччя',5,NULL,0,4),(75,'епоха відродження',5,NULL,0,5),(76,'епоха просвітництва',5,NULL,0,6),(77,'епоха новітньої культури',5,NULL,0,7),(78,'близьке майбутнє',5,NULL,0,8),(79,'далеке майбутнє',5,NULL,0,9),(80,'дуже далеке майбутнє',5,NULL,0,10),(81,'артефакти',6,2,0,NULL),(82,'безсмертя',6,2,0,NULL),(83,'безумство, ігри розуму, роздвоєння особистості',6,NULL,0,NULL),(84,'бойові мистецтва',6,NULL,0,NULL),(85,'викрадення, пропажа',6,NULL,0,NULL),(86,'винаходи та наукові дослідження',6,NULL,0,NULL),(87,'генетичні експерименти, мутації',6,NULL,0,NULL),(88,'двійники',6,2,0,NULL),(89,'договір з нечистою силою',6,2,0,NULL),(90,'дружба, товариші',6,NULL,0,NULL),(91,'життя після смерті',6,2,0,NULL),(92,'з використанням міфології',6,2,0,NULL),(93,'злочинці, збоченці, маньяки',6,NULL,0,NULL),(94,'зрада',6,NULL,0,NULL),(95,'ковчег, корабель поколінь чи замкнений світ',6,2,0,NULL),(96,'інопланетяни',6,2,0,NULL),(97,'вторгнення \"чужих\"',6,2,0,NULL),(98,'зустріч з позаземною істотою',6,2,0,NULL),(99,'ксенофантастика',6,2,0,NULL),(100,'контакт',6,2,0,NULL),(101,'жертва',6,NULL,0,NULL),(102,'квест',6,NULL,0,NULL),(103,'кібермережі, нейромережі, кіборги, наномашини',6,2,0,NULL),(104,'клони і клонування',6,NULL,0,NULL),(105,'колонізація',6,NULL,0,NULL),(106,'конфлікт батьків і дітей',6,NULL,0,NULL),(107,'культи, обряди, жертвоприношення',6,NULL,0,NULL),(108,'любовна лінія',6,NULL,0,NULL),(109,'любовний трикутник',6,NULL,0,NULL),(110,'мандрівники і мандрівки',6,NULL,0,NULL),(111,'мессія',6,NULL,0,NULL),(112,'навчання в навчальному закладі',6,NULL,0,NULL),(113,'магічний навчальний заклад',6,2,0,NULL),(114,'надрозум',6,2,0,NULL),(115,'обмін розумів, переміщення розуму, захоплення особистості',6,2,0,NULL),(116,'остання людина/люди на Землі',6,2,0,NULL),(117,'пірати',6,NULL,0,NULL),(118,'помста',6,NULL,0,NULL),(119,'попаданці',6,2,0,NULL),(120,'порожня Земля, подорожі під землею',6,2,0,NULL),(121,'порятунок світу',6,2,0,NULL),(122,'пригоди у мікросвіті',6,2,0,NULL),(123,'прогрессорство',6,NULL,0,NULL),(124,'прокляття',6,2,0,NULL),(125,'пророцтво, обраний',6,2,0,NULL),(126,'революція чи повстання, бунт',6,NULL,0,NULL),(127,'робінзонада',6,NULL,0,NULL),(128,'роботи',6,NULL,0,NULL),(129,'супергерої, надприродні здібності',6,2,0,NULL),(130,'спецслужби, шпигуни, спецоперації',6,NULL,0,NULL),(131,'спорт, культура та дозвілля',6,NULL,0,NULL),(132,'становлення, дорослішання героя',6,NULL,0,NULL),(133,'стихійні лиха, катаклізми, катастрофи',6,NULL,0,NULL),(134,'темний володар, темні сили',6,2,0,NULL),(135,'теорія змови, таємні товариства/братства, конспірологія, криптоісторія',6,NULL,0,NULL),(136,'тераформування',6,2,0,NULL),(137,'фантастичні істоти',6,2,1,NULL),(138,'вампіри',6,137,0,NULL),(139,'водяники',6,137,0,NULL),(140,'гноми',6,137,0,NULL),(141,'гобліни',6,137,0,NULL),(142,'демони',6,137,0,NULL),(143,'дракони',6,137,0,NULL),(144,'ельфи',6,137,0,NULL),(145,'єдинороги',6,137,0,NULL),(146,'орки',6,137,0,NULL),(147,'перевертні',6,137,0,NULL),(148,'привиди, духи',6,137,0,NULL),(149,'русалки',6,137,0,NULL),(150,'феї',6,137,0,NULL),(151,'фейрі',6,137,0,NULL),(152,'чорти',6,137,0,NULL),(153,'чаклуни',6,137,0,NULL),(154,'штучний інтелект',6,NULL,0,NULL),(155,'лінійний',12,NULL,0,NULL),(156,'з екскурсами',12,NULL,0,NULL),(157,'паралельний',12,NULL,0,NULL),(158,'хаотичний',12,NULL,0,NULL),(159,'інверсійний',12,NULL,0,NULL),(160,'дискретний',12,NULL,0,NULL),(161,'вкладений',12,NULL,0,NULL),(162,'дитяча література',7,NULL,0,1),(163,'підліткова література',7,NULL,0,2),(164,'молодіжна література',7,NULL,0,3),(165,'доросла література',7,NULL,0,4),(166,'доросла з віковим обмеженням',7,NULL,0,5),(167,'минулий',9,NULL,0,NULL),(168,'теперішній',9,NULL,0,NULL),(169,'перша',8,NULL,0,NULL),(170,'третя',8,NULL,0,NULL),(171,'боротьба за виживання',6,NULL,0,NULL),(172,'боротьба за владу',6,NULL,0,NULL),(173,'відьми',6,137,0,NULL),(174,'боги',6,137,0,NULL);
/*!40000 ALTER TABLE `classificator_option` ENABLE KEYS */;
UNLOCK TABLES;

--
-- Table structure for table `comments`
--

DROP TABLE IF EXISTS `comments`;
/*!40101 SET @saved_cs_client     = @@character_set_client */;
/*!50503 SET character_set_client = utf8mb4 */;
CREATE TABLE `comments` (
  `id` int NOT NULL AUTO_INCREMENT,
  `content` mediumtext NOT NULL,
  `user_id` int NOT NULL,
  `item_id` int NOT NULL,
  `item_type` int DEFAULT NULL,
  `answer_to` int DEFAULT NULL,
  `created_at` datetime DEFAULT NULL,
  `updated_at` datetime DEFAULT NULL,
  PRIMARY KEY (`id`)
) ENGINE=InnoDB AUTO_INCREMENT=8 DEFAULT CHARSET=utf8mb4 COLLATE=utf8mb4_0900_ai_ci;
/*!40101 SET character_set_client = @saved_cs_client */;

--
-- Dumping data for table `comments`
--

LOCK TABLES `comments` WRITE;
/*!40000 ALTER TABLE `comments` DISABLE KEYS */;
INSERT INTO `comments` VALUES (1,'Доброго дня! Ви ж модератор, чи не так?',1,2,2,NULL,NULL,NULL),(2,'Вибачне, якщо турбую)',1,2,2,1,NULL,NULL),(3,'Агов?..',1,2,2,NULL,NULL,NULL),(4,'Усім привіт!',1,3,2,NULL,NULL,NULL),(5,'Сподіваюсь, комусь буде корисно)',1,1,1,NULL,NULL,NULL),(6,'Агов?..',1,2,2,NULL,NULL,NULL),(7,'Привіт!',2,3,2,NULL,NULL,NULL);
/*!40000 ALTER TABLE `comments` ENABLE KEYS */;
UNLOCK TABLES;

--
-- Table structure for table `country`
--

DROP TABLE IF EXISTS `country`;
/*!40101 SET @saved_cs_client     = @@character_set_client */;
/*!50503 SET character_set_client = utf8mb4 */;
CREATE TABLE `country` (
  `id` int NOT NULL AUTO_INCREMENT,
  `name` varchar(45) DEFAULT NULL,
  PRIMARY KEY (`id`)
) ENGINE=InnoDB AUTO_INCREMENT=2 DEFAULT CHARSET=utf8mb4 COLLATE=utf8mb4_0900_ai_ci;
/*!40101 SET character_set_client = @saved_cs_client */;

--
-- Dumping data for table `country`
--

LOCK TABLES `country` WRITE;
/*!40000 ALTER TABLE `country` DISABLE KEYS */;
INSERT INTO `country` VALUES (1,'Україна');
/*!40000 ALTER TABLE `country` ENABLE KEYS */;
UNLOCK TABLES;

--
-- Table structure for table `edition`
--

DROP TABLE IF EXISTS `edition`;
/*!40101 SET @saved_cs_client     = @@character_set_client */;
/*!50503 SET character_set_client = utf8mb4 */;
CREATE TABLE `edition` (
  `id` int NOT NULL AUTO_INCREMENT,
  `name` varchar(100) NOT NULL,
  `publisher_id` int NOT NULL,
  `language_id` int DEFAULT NULL,
  `year` int DEFAULT NULL,
  `size` int DEFAULT NULL,
  `isbn` varchar(20) DEFAULT NULL,
  `type_of_cover_id` int DEFAULT NULL,
  `format` varchar(15) DEFAULT NULL,
  `pages` int DEFAULT NULL,
  `about` mediumtext,
  `main_img` int DEFAULT NULL,
  `notes` mediumtext,
  `links` mediumtext,
  PRIMARY KEY (`id`)
) ENGINE=InnoDB AUTO_INCREMENT=45 DEFAULT CHARSET=utf8mb4 COLLATE=utf8mb4_0900_ai_ci;
/*!40101 SET character_set_client = @saved_cs_client */;

--
-- Dumping data for table `edition`
--

LOCK TABLES `edition` WRITE;
/*!40000 ALTER TABLE `edition` DISABLE KEYS */;
INSERT INTO `edition` VALUES (2,'Захар Беркут',1,1,2018,NULL,'9789669422804',2,NULL,192,'За основу повісті «Захар Беркут» Іван Франко взяв відомості про напад монголів із Гали- цько-Волинського літопису, майстерно доповнивши їх народними переказами. На Червону Русь суне страшне лихо — монгольська орда. Повсюди пожежі, руїни, горе і смерть… Зрадливий боярин вказує монголам шлях і на вільну Тухольщину. Старець Захар Беркут знає, як зупинити ворога, та ще не відає, яку ціну доведеться за це сплатити…',0,NULL,NULL),(3,'Жорстокий принц',1,1,2020,NULL,'9789669820631',1,NULL,400,'Граційні й величні фейрі — неземні створіння, прекрасні й довершені, як смертоносний меч тонкої роботи. Та водночас вони підступні й жорстокі, особливо до людського роду. Джуд знає про це, бо один з них посиротив її з сестрами й відвіз до Краю Фейрі. Вона — смертна, яка протягом десяти років зростала під опікою вбивці у суспільстві, де людей зневажають і ненавидять. Дівчина ладна на все, щоб знайти своє місце під сонцем. Навіть протистояти цькуванню юних фейрі під проводом принца Кардана. Коли план Джуд провалюється, інший нащадок короля пропонує їй захист напередодні змін у Краю Фейрі, але не задарма. От-от спалахне полум’я палацового перевороту — і саме вона опиняється в центрі зрад та інтриг. На карту поставлено долю не тільки Джуд та її сестер, а й усього Краю Фейрі. Велика гра королів і принців, королев і корон починається.',0,NULL,NULL),(4,'Лихий король',1,1,2021,NULL,'9789669821706',1,NULL,336,'Голлі Блек — авторка бестселерів за версією The New York Times, лауреатка літературних премій Eisner Award та Andre Norton Award for Young Adult Science Fiction and Fantasy. Вона написала понад 30 романів для дітей і підлітків. Шанувальники і критики називають її королевою фентезі. Її роман «Лихий король» на порталі Goodreads посів перше місце у списку найкращої підліткової фантастики 2019 року.Джуд перетворила розбещеного й байдужого принца Кардана на маріонетку у своїх руках. Тепер, коли він став правителем, маніпуляторка контролює всі його вчинки і стоїть за кожним його рішенням. Одначе Джуд балансує на тонкій кризі, щомиті ризикуючи власною головою. А тим часом народ Краю Фейрі розпочав гру, яка обернулася серйозною небезпекою для Джуд і Кардана. Дівчина не має ані друзів, ані прибічників. Безжальне лезо смертоносного клинка вже нависло над її шиєю. Та найболючішим ударом для Джуд стало розчарування, яке приніс їй Кардан: жорстокий принц перетворився на лихого короля. Ніхто у Краю Фейрі, навіть сама Джуд, не здогадується, чого їм чекати від його правління...',0,NULL,NULL),(5,'Королева порожнечі',1,1,2020,NULL,'9789669822000',1,NULL,320,'Про що книжка: Владу завжди легше захопити, ніж утримати. Джуд засвоїла цей урок, звільнивши з-під свого контролю короля Кардана й наділивши його всевладністю. Тепер, ставши смертною правителькою Фейрі у вигнанні, Джуд залишається безсилою і спохвачується лише після зради Кардана. Вона вичікує, рішучо налаштована повернути собі все, що він у неї забрав. Утілення задуму прискорює її близнючка Терін, чиє життя опинилося в небезпеці. Щоб урятувати сестру, Джуд має ризикнути, повернувшись до зрадливого Двору Фейрі. От тільки Ельфгейм не такий, яким вона його залишила. На волю виривається заснуле, та все ж потужне прокляття, краєм шириться паніка, що змушує Джуд обирати між честолюбністю і людським єством… Про автора: Голлі Блек — авторка бестселерів за версією The New York Times, лауреатка літературних премій Eisner Award та Andre Norton Award for Young Adult Science Fiction and Fantasy. Вона написала понад 30 творів для дітей і підлітків. Її роман «Королева порожнечі» — це довгоочікуваний та приголомшливий фінал трилогії про Народ Повітря.',0,NULL,NULL),(6,'Двір шипів і троянд',1,1,2021,NULL,'9789669821331',1,NULL,560,'Про книжку: Землі людей і край чарівних фейрі Прифія ніколи не перетиналися, розділені високою Cтіною та неприязню. Це тривало століттями. Поки одного разу юна мисливиця Фейра не вбила вовка. За його личиною насправді ховався один з фейрі. Тепер безсмертний Тем- лін вимагає відплати. Він забирає Фейру зі світу людей до свого маєтку в Прифії. Довічне ув’язнення з безсмертним — невесела перспектива. Але поступово Фейра розуміє, що між нею і Темліном чимало спільного, попри вік, походження та столітню ненависть. І тоді, коли світ Темліна огорне тінь зла, лише дівчина зі світу людей зможе врятувати край фейрі... Або приректи його на страшну загибель. Про автора: Сара Дж. Маас — американська письменниця, працює в жанрі фентезі. У шістнадцять років написала свій дебютний роман серії, яка принесла їй світову популярність і була перекладена тридцятьма п’ятьма мовами. «Двір шипів та троянд» — перша частина другої серії книжок, у якій авторка переосмислює класичний сюжет про Красуню та Чудовисько. Твори авторки стали бестселерами за версіями USA Today та The New York Times. Замовляйте мерч за мотивами книг Сари Дж.Маас тут.',0,NULL,NULL),(7,'Двір мороку і гніву',1,1,2020,NULL,'9789669822758',1,NULL,736,'Фейра готується вийти заміж за свого коханого — Темліна. Однак спогад про злочин, який вона вчинила, щоб звільнитися від Амаранти, повертається до неї в жахіттях. Темлін намагається убезпечити її, контролюючи кожний її крок, але дівчина не хоче ставати казковою принцесою. До того ж сам Темлін має дедалі більше таємниць від коханої. Невже це лише для того, щоб її захистити? У цей час Різенд, Лорд Двору Ночі, нагадує про укладену між ними угоду. Певно, хоче скористатися нею для своєї мети. І тепер, коли над Прифією та землями людей нависла загроза жахливої війни, Фейра має вирішити, кому довіряти. На кону життя її сім’ї та доля всього світу. А в чарівному світі фейрі друзі можуть бути небезпечніші за ворогів. Тепер на Фейру очікує боротьба зі значно більшим злом, ніж вона могла собі уявити. Замовляйте мерч за мотивами книг Сари Дж.Маас тут.',0,NULL,NULL),(8,'Двір крил і руїн',1,1,2021,NULL,'9789669824042',1,NULL,768,'Про книжку: Фейра повертається до Двору Весни, рішуче налаштована дізнатись, що замислив Темлін і могутній, зловісний король Гайберну, який загрожує знищити Прифію. Однак, щоб цього досягти, вона спочатку зіграє в смертельно небезпечну гру. Один невірний крок може знищити не лише Фейру, а й увесь її світ. Боротьба з Гайберном у самісінькому розпалі, і силам добра доведеться вступити в союз із темними силами, якщо вони разом хочуть побороти найбільше зло. Дівчина знову має вирішити, кому довіряти, і шукати спільників у найменш очікуваних місцях. Та, здається, зрадники повсюди, і Фейрі не раз доведеться вдаватися до магії й потрапляти в пастки. Адже незабаром дві армії зіткнуться в кривавій, нерівній боротьбі за владу… Про автора: Сара Дж. Маас — американська письменниця, працює в жанрі фентезі. У шістнадцять років написала дебютний роман серії, завдяки якій здобула світову популярність. Її твори перекладено тридцятьма п’ятьма мовами. «Двір крил і руїн» — третя частина серії книжок, у якій Маас переосмислює класичний сюжет про Красуню та Чудовисько. Твори авторки стали бестселерами за версіями USA Today та The New York Times. Замовляйте мерч за мотивами книг Сари Дж.Маас тут.',0,NULL,NULL),(9,'Зруйнувати королівство',1,1,2020,NULL,'9789669821874',1,NULL,368,'Принцеса Ліра — найнебезпечніша вбивця посеред морської безодні. Серця сімнадцяти юнаків — трофеї, завдяки яким її шанують в утробі моря. Коли вона раптом убиває одну із сирен, її мати, королева морів, перетворює Ліру на істоту, яку зневажає найбільше, — на людину. Щоб знову стати русалкою, Ліра повинна здобути для матері серце принца Еліана, мисливця за сиренами. Принц вважає океан домівкою, попри те що він спадкоємець одного з найвпливовіших королівств у світі. Для нього полювання на русалок — це обов’язок. Але, рятуючи молоду жінку в морі, Еліан і гадки не має, хто вона насправді. Ліра обіцяє допомогти йому остаточно винищити сирен, та чи може він їй довіряти? Хто з них стане переможцем у цій битві? Книжка не залишить байдужим нікого — ані романтичного шукача пригод, ні вдумливого поціновувача оповідей про зростання людської душі.',0,NULL,NULL),(10,'1984',2,1,2023,NULL,'9786175512937',4,NULL,320,'Джордж Орвелл — літературний псевдонім письменника, журналіста і публіциста Еріка Артура Блера (1903–1950), відомого своїми антитоталітаристськими та соціал-демократичними поглядами. Дж. Орвелл належить до найвпливовіших письменників Великої Британії середини та другої половини ХХ ст., а роман-антиутопію «1984» називають зразком жанру й довідником із важких часів. Його популярність останнім часом помітно зросла. Двомислення, новомова, поліція думок, міністерство любові, що завдає болю, вганяє у відчай і знищує інакодумців, міністерство миру, яке розпалює війни, роботи-письменники, що продукують порнографічну літературу для відволікання мас… Орвелл відкрив нам очі на те, як функціонують тоталітарні режими. Брехня стане правдою. Ця брехня кожен день змінює минуле… Безперервно заміщаючи будь-які факти, минуле може стати завтра зовсім іншим — і саме це буде правдою. ⠀Кожен ваш погляд, кожен подих і жест уже давно вивчено. У вас немає права на бажання й емоції… Роман бентежить, зворушує, змушує визнати його правдивість і замислитися. Уперше книжку було опубліковано 8 червня 1949 року. Орвелл її написав на тлі руїн, серед голодних, утомлених і змучених війною людей. Однак сьогодні вона актуальна, як ніколи.',0,NULL,NULL),(11,'Мандрівний замок Хаула',3,1,2021,NULL,'9789662909357',1,NULL,352,'Зла відьма перетворює Софі на старезну бабусю. Дівчина потрапляє в таємничий замок чарівника Хаула і укладає угоду з вогняним демоном, завдяки якому i рухається замок. На шляху до звільнення від закляття Софі доведеться розгадати багато загадок та побороти численні перешкоди...',0,NULL,NULL),(12,'Троє у човні (не кажучи про пса!)',4,1,2015,NULL,'9786170702982',1,NULL,238,'Джером Клапка Джером — відомий англійський письменник-гуморист і драматург. У його найкращому творі — повісті “Троє у човні (не кажучи про пса!)” немає ні різкої сатири, ні жорсткого глузу­вання, а натомість із блискучим і доброзичливим гумором показано комізм звичайних життєвих си­туацій. Замість серйозного путівника Темзою автор подарував читачам яскравий і незабутній портрет вікторіанської Англії. Герої Джерома дуже колоритні й симпатичні, а жарти смішні та дотепні, тому книга й досі залишається надзвичайно популярною у світі.',0,NULL,NULL),(13,'Маруся Чурай',5,1,NULL,NULL,'9786175851456',1,NULL,224,'Історичний роман у віршах «Маруся Чурай» визначної української поетеси Ліни Костенко — один із вершинних творів української літератури, своєрідна енциклопедія духовного життя нашого народу в XVII ст. Висока драма любові вирує на тлі епічних історичних змагань, де доля легендарної Марусі Чурай тісно переплетена з долею України.Подарункове видання з ілюстраціями Владислава Єрка, що надруковані особливим способом — з бронзою і металізованою фарбою. Обкладинка обтягнена коштовною тканиною із золотим та сліпим тисненням.',0,NULL,NULL),(14,'Тигролови',6,1,2022,NULL,'9786176295884',2,NULL,292,'Це роман в якому показано становлення «нового українця», який зможе здолати страшний режим імперської системи і вибороти право свого народу на майбутнє. Це гімн людині, яка бореться за своє щастя і перемагає. У творі розповідається про жахливі сторінки історії українського народу – сталінські репресії 30-х років ХХ ст. В основу покладено автобіографічні події: заслання Івана Багряного на далекий Схід, в ГУЛАГ. Утікши із етапного спецпотяга НКВС, що перевозив смертників ГУЛАГу до Сибіру, автор «Тигроловів» майже два роки жив у тайзі, пізнав і полюбив цей далекий і суворий край та його мешканців.',0,NULL,NULL),(15,'Колгосп тварин',7,1,2021,NULL,'9786175480298',1,NULL,128,'Повість «Колгосп тварин» — один із найвідоміших у світі алегоричних творів — вперше опублікована 17 серпня 1945 року. За словами Орвелла, у книзі описано події революції 1917 року в Російській імперії й становлення епохи сталінської диктатури в Радянському Союзі. Орвелл був нещадним критиком Йосипа Сталіна і ворогом сталінізму ще з часів громадянської війни в Іспанії. Орвелл вважав, що у Радянському Союзі панує жорстока диктатура, заснована на культі особистості та посилена пануванням терору. Легковпізнавані персонажі та події книги дають можливість поглянути на криваві та страшні сторінки історії нашої держави з нової точки зору, та отримати щеплення від ідей комунізму на багато поколінь вперед.',0,NULL,NULL),(16,'Старий і море',3,1,2017,NULL,'9786176793915',1,NULL,104,'«Старий і море» — одна з найвідоміших книг Ернеста Гемінґвея, яка ось уже понад півстоліття вражає мільйони читачів. Уперше за часи незалежності України цей знаковий твір американської та світової літератури вийде друком українською мовою у класичному перекладі Володимира Митрофанова із глибокими та самобутніми ілюстраціями Слави Шульц. Епізод із життя простого кубинського рибалки став світовим шедевром, притчею про натхнення, силу і незламність людського духу та життєву боротьбу. І щоразу він резонує в душі новими сенсами, смислами та символами.',0,NULL,NULL),(17,'Ловець у житі',2,1,2010,NULL,'978-966-03-5083-0',5,NULL,317,'Хто він, Голден Колфілд? Бунтар? Ні. Філософ, який дав світові якесь нове вчення? Ні. Супермен, який урятував людство від страшенної небезпеки? Ні. Він просто 17-річний хлопчина, який утік зі школи. Він бачить світ та суспільство такими, якими вони є насправді. І тому з тих пір, коли вперше був опублікований роман Джерома Д. Селінджера «Ловець у житі», Голден Колфілд є героєм для багатьох поколінь молоді, яка не хоче жити в рамках, що ставлять дорослі…',0,NULL,NULL),(18,'Маленькі жінки',8,1,2017,NULL,'978-966-10-4960-3',6,NULL,408,'«Маленькі жінки» Луїзи Мей Олкотт — культовий роман багатьох поколінь американських дівчат. Ним зачитувались до самозабуття; над ним плакали і сміялися; його розбирали на цитати й неодноразово екранізували. Четверо сестер — миловида й пухкенька Меґ, незграбна і схильна до хлопчачих витівок Джо, манірна юна леді Емі та сором’язлива жертовна Бет — усі вони намагаються стати хорошими, зазнаючи невдач та здобуваючи маленькі перемоги на шляху до самовдосконалення. Їм співчуваєш і заздриш, разом із ними переживаєш та радієш. І врешті-решт ті далекі американські дівчатка стають по-справжньому близькими тобі, а роман — чи не найулюбленішим!',0,NULL,NULL),(19,'День триффідів',9,1,2018,NULL,'9786171248182',6,NULL,NULL,'Шедевр наукової фантастики! Чи зможе людство вижити? Триффіди — рослини-хижаки, що мають здатність рухатися, чути й навіть мислити. Вони озброєні небезпечними жалами, що вражають жертву отрутою на відстані кількох метрів. Тривалий час триффідів масово розводили на спеціальних фермах заради цінних речовин, які ті виробляли. При цьому дотримувалися всіх можливих засобів безпеки. Але одного разу система вийшла з ладу Внаслідок потужного зорепаду більша частина людства осліпла. Ті, хто дивом не втратили зір, намагаються подолати наслідки катастрофи. Однак є дещо страшніше за руїни й хаос: триффіди вирвалися на свободу й розпочали жорстоке полювання на людей Справжній англійський апокаліпсис. Віндем, як і Герберт Уеллс, майстерно передає відчуття катастрофи та вторгнення Недарма Стівен Кінг так захоплюється Джоном Віндемом (Ремзі Кемпбелл, британський письменник) Про автора: Джон Віндем — культовий англійський письменник, визнаний майстер жанру, якого називають класиком світової фантастики, володар численних престижних міжнародних відзнак. Його твори стоять в одному ряду з такими шедеврами, як «Війна світів» Герберта Уеллса, «Я – легенда» Річарда Метісона та «Протистояння» Стівена Кінга.',0,NULL,NULL),(20,'Рубінова книга',10,1,2017,NULL,'978-966-429-443-7',5,NULL,304,'Якщо наш читач упевнений у тому, що для мандрівок у часі потрібна якась машина, то він дещо відстав від життя. Німецька письменниця Керстін Ґір вирішує цю проблему в ультрасучасному дусі. Її героїня, Ґвен Шеффер, обходиться геном мандрівника в часі. Щоправда, він геть чудернацький: часом візьме й закине дівчину в минуле, де вона почувається не в своїй тарілці Але Ґвен вдається з’ясувати, що за цим криється таємне товариство Коло Дванадцяти, а кожен обраний має ім’я на честь самоцвіту, — і все перетворюється на гру-інтригу з купою загадок і пошуками відповіді на них «Рубінова книга» — перший роман з трилогії Таймлесс німецької письменниці Керстін Гір, що вийшов в 2009 році, перекладений на 50 мов і став бестселером у багатьох країнах. У 2017 році роман був випущений в Україні видавництвом Школа.',0,NULL,NULL),(25,'Сапфірова книга',10,1,2017,NULL,'978-966-429-444-4',5,NULL,320,'\"Сапфірова книга\" — продовження трилогії \"Таймлесс\" німецької письменниці Керстін Гір, що вийшов в 2010. Ґвендолін готується до вечірки в минулому. У неї купа запитань, але головне - одне: кохає чи не кохає? І ось надходить мить, коли дівчина опиняється у світі інтриг і таємниць, де дідусь - майже її ровесник, за рогом підстерігають озброєні люди в чорному, а загадковий граф Сен-Жермен розповідає химерні історії. І в цій круговерті таємниць світ раптом стає догори дриґом...',0,NULL,NULL),(26,'Смарагдова книга',10,1,NULL,NULL,'978-966-429-445-1',NULL,NULL,400,'У цій книзі на головну героїню Ґвендолін чекають неймовірні випробування: її серце розбите, почуття геть спаплюжені, довкола самі лише таємниці, які приховують моторошну правду. У цій шаленій круговерті подій Ґвен не раз постає перед тяжким вибором: як пробачити власних батьків? Чи можна довіряти коханому? Як не стати жертвою графа Сен-Жермена та Вартових? Як гідно завершити гру, з якої вийти неможливо? Здається, всюди суцільна пітьма і виходу годі знайти, проте доля раптово посилає у життя Ґвен тих, хто стане на її бік і підкаже вихід. Для старшого шкільного віку.',0,NULL,NULL),(27,'Кайдашева сім\'я',2,1,NULL,NULL,'978-617-551-075-9',NULL,NULL,160,'Іван Нечуй-Левицький (1838—1918) — видатний український письменник-реаліст, який написав понад п’ятдесят романів, повістей, оповідань, казок, п’єс з народного життя. Майстер слова мав на меті якомога глибше розробити «непочаті рудники» українського життя і створити правдиві образи людей з усіх верств суспільства. Колоритні постаті героїв, соковитий гумор та сміливе поєднання трагічного з комічним зробили твори Нечуя-Левицького справжніми перлинами української прози. За словами Івана Франка, повість «Кайдашева сім’я» належить до «найкращих оздоб українського письменства». Ми зустрічаємося з героями: Кайдашем, його дружиною Марусею та двома їх синами Карпом і Лавріном у переламний момент існування сім\'ї, коли дорослішають діти, обирають собі пари і починається інше життя.',0,NULL,NULL),(28,'Утрачений світ',11,1,NULL,NULL,'978-617-7409-85-3',7,NULL,248,'Разом із героями науково-фантастичної повісті А. К. Дойла читач потрапить у світ динозаврів, жахливих мавп і дивовижної краси первісний Утрачений світ. Захопливий сюжет, неймовірні пригоди, сутички з дикими тваринами — і суто англійський гумор, що змушує усміхатися навіть у найскрутніші моменти.',0,NULL,NULL),(29,'Як приручити дракона',12,1,NULL,NULL,'978-966-917-571-7',2,NULL,224,'Ви, може, не знаєте, та колись кожен вікінг мав власного дракона. Інші народи приручали собак, коней, буйволів... А вікінги — драконів. Однак юний вікінг спершу мусив упіймати собі дракона. Це було непросто. Потім — приручити його, а це ще складніше. Усе разом називають випробуванням драконячим вихованням. Того, хто його не пройде, виганяють із племені. Коли Гиккус, геть не кремезний юнак, син вождя племені патлатих розбишак з острова Лобур, вирушив на лови свого дракона, він не сподівався, що пройти випробування буде легко. Проте навіть не підозрював, що йому з дракончиком Беззубком судилося стати героями!',0,NULL,NULL),(30,'Сині Води',5,1,NULL,NULL,'978-617-585-162-3',1,NULL,544,'Битва на Синіх Водах – перша в історії поневолених народів переможна битва об’єднаного українсько-литовсько-білоруського війська з татарською ордою, внаслідок якої українські землі здобули незалежність. Сталося це за шість років до переможних походів Тамерлана і за вісімнадцять – до Куликовської битви. Волею долі удільний князь Дмитро Боброк опиняється в центрі подій, що, зрештою, призводять до однієї з найбільших битв в історії середньовічної Європи. Вистояти в смертельній боротьбі йому допо-магають троє юних відчайдухів. Разом з героями роману визначного україн-ського прозаїка Володимира Рутківського читач стане свідком і учасником тих героїчних подій і переконається, що потяг до свободи долає будь-які перепони. Це нова — скорочена і доопрацьована — версія роману.',0,NULL,NULL),(31,'Поліанна',13,1,NULL,NULL,'978-617-7200-98-6',7,NULL,256,'Захоплива книжка про янгольську дівчинку, що її батько навчив дякувати за все Богові та людям, шукати навіть за найнесприятливіших обставин у житті тільки позитивне та хороше. Змінюючись сама, головна героїня завдяки невичерпному оптимізму й життєрадісності змінює довкола себе і людей, і світ. Цікавий твір — на всі часи.',0,NULL,NULL),(32,'Поліанна виростає',12,1,NULL,NULL,'978-966-917-044-6',7,NULL,320,'Продовження роману Елеонор Портер «Поліанна», найпопулярнішої книжки в Америці після Біблії. В ній Поліанна вже виросла. Які приємні й неприємні сюрпризи чатують на молоду дівчину, що повернулася до міста свого дитинства. І головне, чи зарадить уже дорослій героїні незвичайна гра, що виручала її не раз і несподівано нагадала про себе знову?',0,NULL,NULL),(33,'Граф Монте-Крісто',8,1,NULL,NULL,'978-966-10-7833-7',7,NULL,1024,'«Граф Монте-Крісто» Александра Дюма — один із улюблених романів багатьох поколінь читачів. Це розповідь про несправедливо засудженого й ув’язненого в замку Іф юнака Едмона Дантеса. Зумівши утекти з в’язниці й відшукавши скарб, він прагне справедливості та відплати... Що чекає на його кривдників? Чи принесе ця помста задоволення самому Дантесові? Поділ на розділи та томи здійснено на основі прижиттєвого видання твору, такого ж принципу дотримуються і європейські видавці.',0,NULL,NULL),(34,'Та, що біжить по хвилях',14,1,NULL,NULL,'978-966-339-867-9',5,NULL,256,'Море знає багато легенд. Олександр Грін додав до них ще одну: роман «Та, що біжить по хвилях» (1928 p.). Ця чудова романтико-фантастична історія майже сто років хвилює серця юних читачів. Екіпаж судна «Морська зірка» підбирає таємничого незнайомця. Від смерті у відкритому морі його врятувала дівчина-примара, яка линула по хвилях. Так починаються захопливі події, сповнені таємничих, фатальних збігів та пригод...',0,NULL,NULL),(35,'Пурпурові вітрила',8,1,NULL,NULL,'978-966-10-4235-2',1,NULL,128,'«Пурпурові вітрила» («Червоні вітрила»; рос. «Алые паруса») — повість-феєрія російського письменника Олександра Гріна про непохитну віру в диво і всеперемагаючу, піднесену мрію, написана в 1916–1922 роках.',0,NULL,NULL),(36,'Золотий жук',2,1,NULL,NULL,'978-966-03-9081-2',NULL,NULL,186,'Едгар Аллан По (1809–1849) — американський письменник-романтик, майстер новели, основоположник детективного оповідання і науково-фантастичної повісті. Світ творів письменника химерний і водночас вишуканий. Його закони підпорядковуються не загальноприйнятій логіці, а лише грі авторської уяви. До книги увійшли оповідання «Дивний вплив месмеризму на скін чоловіка», «Рукопис, знайдений у пляшці», «Викрадений лист», «Провалля та маятник», «Золотий жук», в яких яскраво проявився незвичайний письменницький талант Е. А. По.',0,NULL,NULL),(37,'Енеїда',2,1,NULL,NULL,'978-617-551-299-9',NULL,NULL,303,'Ім’я Івана Петровича Котляревського (1769—1838),засновника нової української літератури, пов’язують, у першу чергу, з його поемою «Енеїда» (1798). Це була перша друкована українська книга, написана народною мовою,перша національна поема. Запозичивши сюжет античної поеми Вергілія, Котляревський наповнив цей твір дотепним українським гумором, повір’ями, звичаями, картинами воєнного і мирного життя, описом одягу, страв — усе це надає поемі яскравого національного колориту. «Енеїду» сміливо можна назвати своєрідною енциклопедією українського побуту кінця ХVІІІ — початку ХІХ століття. В книзі вміщено ілюстрації видатного українського художника Анатолія Базилевича.',0,NULL,NULL),(38,'451 за фаренгейтом',8,1,NULL,NULL,'978-966-10-1266-9',5,NULL,208,'Роман-антиутопія в жанрі наукової фантастики. Вперше побачив світ 1953 року. Розповідає про споживацьке суспільство майбутнього, у якому панує майже цілковитий контроль над людьми. Державні органи намагаються підпорядкувати собі навіть думки людей. Книги заборонено, незаконним вважають читання і переховування будь-якої літератури, за порядком мають слідкувати пожежники.  451˚ за Фаренгейтом (233˚ за Цельсієм) — температура, при якій загоряється папір. Пожежники не гасять вогонь, вони його розпалюють, палять книжки. Тому що пожежники — опора режиму, запорука того, що люди не читатимуть книжок, адже книги спонукають думати і аналізувати. Проте у цьому пекельному царстві темряви залишилися невеличкі духовні острівці, що зберігають рештки інтелектуального надбання людства. Це люди-книги, люди, що вивчають напам’ять зміст друкованих видань і тримають їх у своїй свідомості. Піднімаючи у «451° за Фаренгейтом» тему глобального безкультур’я та тотального відходу від дійсності суспільства, Бредбері намагається донести до читачів важливість зберігати тисячолітні культурні набутки, охороняти віковічні пласти мудрості, що були і є запорукою цивілізації. Перекладено українською мовою Євгеном Крижевичем.',0,NULL,NULL),(39,'Танці з кістками',15,1,NULL,NULL,'978-617-7960-67-5',2,NULL,368,'Проста, на перший погляд, історія про патологоанатома-невдаху. Северина не цінують на роботі й мало платять, з особистим життям чоловіка відбувається щось незрозуміле, самооцінка на нулі. Тож перебуваючи практично на дні, він одразу ж хапається за можливість підзаробити. Так, пропозиція не зовсім легальна, так, навряд чи можна чекати чогось доброго від ринку трансплантації органів, але так спокусливо нарешті влаштувати собі забезпечене життя. Зрештою, Северин має забрати в уже мертвих людей якусь дрібничку, те, що їм і так не потрібно. Поки що у мертвих людей, поки що дрібничку. Крок за кроком, рішення за рішенням патологоанатом змінюється, трансформується — так в усіма зневаженого чоловіка на межі алкоголізму спершу проростає впевненість у собі, а за нею і безпринципність. Скоївши один злочин, він набагато легше вчиняє інший, а за ним і наступний. Те, що вчора Северин вважав неприпустимим, стає новою нормою. Та й узагалі виникає питання: чи здатен він тепер зупинитися і як далеко може зайти? Про автора Андрій Сем\'янків — лікар, автор блогу MED GOblin та бестселера «Медицина доказова і не дуже». Відгук про книжку \"танці з кістками\" Книжка Андрія Сем\'янківа виконує одну з найголовніших місій літератури - розважати. Такого захопливого сюжету в українській літературі не було давно. \"Танці з кістками\" має всі шанси стати бестселером не лише в Україні, а й за її межами, щойно її перекладуть іншими мовами. Це Breaking Bad по-українськи. Марта Шокало, редакторка BBC News Україна та член журі конкурсу Книга року ВСС 2022',0,NULL,NULL),(40,'Зірки й кістки',1,1,NULL,NULL,'9789669829030',1,NULL,462,'Світ, осяяний священним світлом Зірок, уже кілька років роздирає війна. Князівство крилатих, Ретон, опиняється в епіцентрі конфлікту могутніх людських держав. На плечі юного княжича Янна лягає важкий обов\'язок: відновити спадкове право, встановити мир на рідній землі та припинити винищення одноплемінників. Але вижити у світі, де на полі бою повстають мертві, а живі керують монстрами, — це завдання геть не просте, бо вороги плетуть інтриги, а союзники вимагають завеликої плати за допомогу. У динамічному фентезі, заснованому на реальних подіях європейського середньовіччя, не існує простих рішень, але є місце для правди, епічних битв і кохання! «Зірки й кістки» починають історію великої боротьби, де кожен із героїв зустрінеться із власною темрявою. Ірина Грабовська — українська письменниця і блогерка. Народилася на Донеччині, мешкає в Києві, працює в IT. Пише в жанрах стімпанку, фентезі, історичного роману',0,NULL,NULL),(41,'Замок із кришталю. Книга 2. Земля крилатих',1,1,NULL,NULL,'9789669829900',1,NULL,440,'«ЗЕМЛЯ КРИЛАТИХ» — ДРУГА ЧАСТИНА ТРИЛОГІЇ «ЗАМОК ІЗ КРИШТАЛЮ» СЕРЕДНЬОВІЧНЕ ФЕНТЕЗІ МЕЧА І МАГІЇ Янн програв битву за князівство, але не війну. Втім є дещо жахливіше. Єством птаха заволодів жорстокий демон, і тепер друзі його бояться, молода дружина ненавидить, а вороги снують плани. Мрія врятувати крилатий народ, здається, більше не надихає княжича, тепер усе, чого він хоче, — це помста. Ретон, Земля Крилатих, за крок до занурення в пітьму. Але чи зможуть бажання демона пересилити любов? Долі держав балансують на линві з амбіцій, упереджень, смертельних образ і магії правителів, одержимих боротьбою за владу. У вирі битв та інтриг кожен крок може стати фатальним. Тож чи варті чогось правда, честь і дружба у великій грі? Героям доведеться збагнути глибини власної суті, щоби знайти неочікувані відповіді. «Земля Крилатих» продовжує епічну історію, натхненну реальними подіями європейського Середньовіччя. Проа авторку Ірина Грабовська — українська письменниця і блогерка. Народилася в м. Сніжному на Донеччині, мешкає в Києві, працює в IT. Пише в жанрах стимпанку, фентезі, історичного роману.',0,NULL,NULL),(42,'Незриме життя Адді Лярю',16,1,NULL,NULL,'9786178012533',NULL,NULL,544,'Далекого 1714 року у Франції одна дівчина укладає фаустівську угоду, щоб отримати вічне життя. Але угода виявляється прокляттям: тепер її забуватимуть усі, кого вона зустріне на своєму шляху. Так починається неймовірне життя Адді Лярю, її приголомшлива подорож століттями і континентами, історією і мистецтвом, під час якої вона шукає способу залишити слід у світі. Проте одного дня, триста років по тому, все змінюється, коли Адді в одній непримітній книгарні натрапляє на юнака, який пам’ятає її ім’я. Бестселер The New York Time та The Washington Post. Рекомендує Oprah Magazine.',0,NULL,NULL),(43,'Пригоди Тома Сойера',12,1,NULL,NULL,'978-966-917-093-4',4,NULL,312,'Немає, мабуть, знаменитішого роману за роман Марка Твена «Пригоди Тома Сойєра», що його залюбки читають уже майже півтора століття діти й дорослі. І це не дивно, адже тут є все, що так захоплює читача: романтика пригод, живий гумор, цікавий сюжет із несподіваними поворотами і навіть любовні переживання головного героя — шибеника й витівника Тома Сойєра!',0,NULL,NULL),(44,'Всі мої Ключі і Ґайя',1,1,2022,NULL,'978-966-982-707-4',1,'130х200 мм',416,'«Не відчиняй незнайомих Дверей» – радить Кодекс чаклунів. Іґніса Еміліуша це завжди влаштовувало: попри талант до магії та благословення Духа Вогню, він тримався якнайдалі від гризот трьох великих родів і уникав Декорацій, зворотного боку реальності. Та зустріч із Ґайєю вирвала його з буднів і кинула в неспинну мандрівку, сповнену відкриттів. Адже світ – небезпечний і неймовірний, Ґайя – таємнича та ще й пов’язаний з одним із магічних Ключів Іґніса і давньою легендою, через яку чаклунська спільнота втратила спокій. Тепер магові доведеться згадати, що він – лорд могутньої родини, і поміж загрозами, втечами та раптовими альянсами вловити смак життя. Бо поряд – людина, в якої дуже багато планів. І за кожними з чаклунських Дверей чекає новий поворот.',0,NULL,NULL);
/*!40000 ALTER TABLE `edition` ENABLE KEYS */;
UNLOCK TABLES;

--
-- Table structure for table `edition_item`
--

DROP TABLE IF EXISTS `edition_item`;
/*!40101 SET @saved_cs_client     = @@character_set_client */;
/*!50503 SET character_set_client = utf8mb4 */;
CREATE TABLE `edition_item` (
  `id` int NOT NULL AUTO_INCREMENT,
  `ed_id` int NOT NULL,
  `w_id` int NOT NULL,
  `name` varchar(100) NOT NULL,
  `pages` varchar(15) DEFAULT NULL,
  `level` int DEFAULT NULL,
  `number` int DEFAULT NULL,
  PRIMARY KEY (`id`)
) ENGINE=InnoDB AUTO_INCREMENT=50 DEFAULT CHARSET=utf8mb4 COLLATE=utf8mb4_0900_ai_ci;
/*!40101 SET character_set_client = @saved_cs_client */;

--
-- Dumping data for table `edition_item`
--

LOCK TABLES `edition_item` WRITE;
/*!40000 ALTER TABLE `edition_item` DISABLE KEYS */;
INSERT INTO `edition_item` VALUES (1,2,2,'Іван Франко «Захар Беркут»',NULL,1,1),(2,3,3,'Жорстокий принц',NULL,1,1),(3,4,4,'Лихий король',NULL,1,1),(4,5,5,'Королева порожнечі',NULL,1,1),(5,6,6,'Двір шипів і троянд',NULL,1,1),(6,7,7,'Двір мороку і гніву',NULL,1,1),(7,8,8,'Двір крил і руїн',NULL,1,1),(8,9,9,'Александра Крісто «Зруйнувати королівство»',NULL,1,1),(9,10,10,'1984',NULL,1,1),(10,11,11,'Мандрівний замок Хаула',NULL,1,1),(11,12,12,'Троє у човні (не кажучи про пса!)',NULL,1,1),(13,13,13,'Маруся Чурай',NULL,1,1),(16,14,14,'Тигролови',NULL,1,1),(20,15,15,'Колгосп тварин',NULL,1,1),(21,16,16,'Старий і море',NULL,1,1),(22,17,17,'Ловець у житі',NULL,1,1),(23,18,18,'Маленькі жінки',NULL,1,1),(24,19,19,'Джон Віндем «День триффідів»',NULL,1,1),(25,20,21,'Керстін Ґір «Рубінова книга»',NULL,1,1),(30,25,22,'Керстін Ґір «Сапфірова книга»',NULL,1,1),(31,26,23,'Керстін Ґір «Смарагдова книга»',NULL,1,1),(32,27,24,'Іван Нечуй-Левицький «Кайдашева сім\'я»',NULL,1,1),(33,28,25,'Артур Конан Дойл «Утрачений світ»',NULL,1,1),(34,29,26,'Крессида Ковелл «Як приручити дракона»',NULL,1,1),(35,30,27,'Володимир Рутківський «Сині Води»',NULL,1,1),(36,31,28,'Елеонор Портер «Поліанна»',NULL,1,1),(37,32,29,'Елеонор Портер «Поліанна виростає»',NULL,1,1),(38,33,20,'Александр Дюма «Граф Монте-Крісто»',NULL,1,1),(39,34,30,'Олександр Грін «Та, що біжить по хвилях»',NULL,1,1),(40,35,31,'null «Олександр Грін «Пурпурові вітрила»»',NULL,1,1),(41,36,32,'Едгар Аллан По «Золотий жук»',NULL,1,1),(42,37,33,'Іван Котляревський «Енеїда»',NULL,1,1),(43,38,34,'Рей Бредбері «451 за фаренгейтом»',NULL,1,1),(44,39,35,'Андрій Сем’янків (MED GOblin) «Танці з кістками»',NULL,1,1),(45,40,36,'Ірина Грабовська «Зірки й кістки»',NULL,1,1),(46,41,37,'Ірина Грабовська «Земля крилатих»',NULL,1,1),(47,42,38,'Незриме життя Адді Лярю',NULL,1,1),(48,43,39,'Пригоди Тома Сойера',NULL,1,1),(49,44,40,'Наталія Матолінець «Всі мої Ключі і Ґайя»',NULL,1,1);
/*!40000 ALTER TABLE `edition_item` ENABLE KEYS */;
UNLOCK TABLES;

--
-- Table structure for table `followers`
--

DROP TABLE IF EXISTS `followers`;
/*!40101 SET @saved_cs_client     = @@character_set_client */;
/*!50503 SET character_set_client = utf8mb4 */;
CREATE TABLE `followers` (
  `user_id` int NOT NULL,
  `user_to_follow_id` int NOT NULL,
  `created_at` datetime DEFAULT NULL,
  `updated_at` datetime DEFAULT NULL,
  PRIMARY KEY (`user_id`,`user_to_follow_id`)
) ENGINE=InnoDB DEFAULT CHARSET=utf8mb4 COLLATE=utf8mb4_0900_ai_ci;
/*!40101 SET character_set_client = @saved_cs_client */;

--
-- Dumping data for table `followers`
--

LOCK TABLES `followers` WRITE;
/*!40000 ALTER TABLE `followers` DISABLE KEYS */;
INSERT INTO `followers` VALUES (1,2,NULL,NULL),(2,1,NULL,NULL),(2,3,NULL,NULL),(3,1,NULL,NULL),(3,2,NULL,NULL);
/*!40000 ALTER TABLE `followers` ENABLE KEYS */;
UNLOCK TABLES;

--
-- Table structure for table `forum_tematics`
--

DROP TABLE IF EXISTS `forum_tematics`;
/*!40101 SET @saved_cs_client     = @@character_set_client */;
/*!50503 SET character_set_client = utf8mb4 */;
CREATE TABLE `forum_tematics` (
  `id` int NOT NULL AUTO_INCREMENT,
  `name` varchar(45) NOT NULL,
  `search` varchar(45) DEFAULT NULL,
  `created_at` datetime DEFAULT NULL,
  `updated_at` datetime DEFAULT NULL,
  PRIMARY KEY (`id`)
) ENGINE=InnoDB AUTO_INCREMENT=3 DEFAULT CHARSET=utf8mb4 COLLATE=utf8mb4_0900_ai_ci;
/*!40101 SET character_set_client = @saved_cs_client */;

--
-- Dumping data for table `forum_tematics`
--

LOCK TABLES `forum_tematics` WRITE;
/*!40000 ALTER TABLE `forum_tematics` DISABLE KEYS */;
INSERT INTO `forum_tematics` VALUES (1,'Присвячена автору',NULL,NULL,NULL),(2,'Присвячена книзі',NULL,NULL,NULL);
/*!40000 ALTER TABLE `forum_tematics` ENABLE KEYS */;
UNLOCK TABLES;

--
-- Table structure for table `genre`
--

DROP TABLE IF EXISTS `genre`;
/*!40101 SET @saved_cs_client     = @@character_set_client */;
/*!50503 SET character_set_client = utf8mb4 */;
CREATE TABLE `genre` (
  `id` int NOT NULL AUTO_INCREMENT,
  `name` varchar(45) DEFAULT NULL,
  PRIMARY KEY (`id`)
) ENGINE=InnoDB AUTO_INCREMENT=7 DEFAULT CHARSET=utf8mb4 COLLATE=utf8mb4_0900_ai_ci;
/*!40101 SET character_set_client = @saved_cs_client */;

--
-- Dumping data for table `genre`
--

LOCK TABLES `genre` WRITE;
/*!40000 ALTER TABLE `genre` DISABLE KEYS */;
INSERT INTO `genre` VALUES (1,'вірш'),(2,'казка'),(3,'новела'),(4,'оповідання'),(5,'повість'),(6,'роман');
/*!40000 ALTER TABLE `genre` ENABLE KEYS */;
UNLOCK TABLES;

--
-- Table structure for table `language`
--

DROP TABLE IF EXISTS `language`;
/*!40101 SET @saved_cs_client     = @@character_set_client */;
/*!50503 SET character_set_client = utf8mb4 */;
CREATE TABLE `language` (
  `id` int NOT NULL AUTO_INCREMENT,
  `name` varchar(45) DEFAULT NULL,
  PRIMARY KEY (`id`)
) ENGINE=InnoDB AUTO_INCREMENT=3 DEFAULT CHARSET=utf8mb4 COLLATE=utf8mb4_0900_ai_ci;
/*!40101 SET character_set_client = @saved_cs_client */;

--
-- Dumping data for table `language`
--

LOCK TABLES `language` WRITE;
/*!40000 ALTER TABLE `language` DISABLE KEYS */;
INSERT INTO `language` VALUES (1,'українська'),(2,'англійська');
/*!40000 ALTER TABLE `language` ENABLE KEYS */;
UNLOCK TABLES;

--
-- Table structure for table `likes`
--

DROP TABLE IF EXISTS `likes`;
/*!40101 SET @saved_cs_client     = @@character_set_client */;
/*!50503 SET character_set_client = utf8mb4 */;
CREATE TABLE `likes` (
  `item_id` int NOT NULL,
  `item_type` varchar(15) NOT NULL,
  `user_id` int NOT NULL,
  `created_at` datetime DEFAULT NULL,
  `updated_at` datetime DEFAULT NULL,
  PRIMARY KEY (`item_id`,`item_type`,`user_id`)
) ENGINE=InnoDB DEFAULT CHARSET=utf8mb4 COLLATE=utf8mb4_0900_ai_ci;
/*!40101 SET character_set_client = @saved_cs_client */;

--
-- Dumping data for table `likes`
--

LOCK TABLES `likes` WRITE;
/*!40000 ALTER TABLE `likes` DISABLE KEYS */;
INSERT INTO `likes` VALUES (1,'blog',1,NULL,NULL);
/*!40000 ALTER TABLE `likes` ENABLE KEYS */;
UNLOCK TABLES;

--
-- Table structure for table `notifications`
--

DROP TABLE IF EXISTS `notifications`;
/*!40101 SET @saved_cs_client     = @@character_set_client */;
/*!50503 SET character_set_client = utf8mb4 */;
CREATE TABLE `notifications` (
  `id` int NOT NULL AUTO_INCREMENT,
  `user_id` int NOT NULL,
  `message` varchar(200) NOT NULL,
  `link` varchar(100) DEFAULT NULL,
  `read_at` datetime DEFAULT NULL,
  `icon` varchar(45) DEFAULT NULL,
  `item_id` int DEFAULT NULL,
  `created_at` datetime DEFAULT NULL,
  `updated_at` datetime DEFAULT NULL,
  PRIMARY KEY (`id`)
) ENGINE=InnoDB AUTO_INCREMENT=24 DEFAULT CHARSET=utf8mb4 COLLATE=utf8mb4_0900_ai_ci;
/*!40101 SET character_set_client = @saved_cs_client */;

--
-- Dumping data for table `notifications`
--

LOCK TABLES `notifications` WRITE;
/*!40000 ALTER TABLE `notifications` DISABLE KEYS */;
INSERT INTO `notifications` VALUES (1,2,'Користувач Berigorra опублікував відгук до книги Голлі Блек «Лихий король».','https://whattoread/work/4','2023-11-18 18:34:41','work',4,'2023-11-14 08:44:31','2023-11-18 18:34:41'),(2,3,'Користувач Berigorra опублікував відгук до книги Голлі Блек «Лихий король».','https://whattoread/work/4',NULL,'work',4,'2023-11-14 08:44:31','2023-11-14 08:44:31'),(8,2,'Користувач Berigorra опублікував блог «Інтуїтивний метод творчості (штампи)».','https://whattoread/blog/1','2023-11-18 18:34:45','blog',1,'2023-11-14 08:56:32','2023-11-18 18:34:45'),(9,3,'Користувач Berigorra опублікував блог «Інтуїтивний метод творчості (штампи)».','https://whattoread/blog/1',NULL,'blog',1,'2023-11-14 08:56:32','2023-11-14 08:56:32'),(10,2,'Користувач Berigorra опублікував відгук до книги Александра Крісто «Зруйнувати королівство».','https://whattoread/work/9',NULL,'work',9,'2023-11-18 18:40:53','2023-11-18 18:40:53'),(11,3,'Користувач Berigorra опублікував відгук до книги Александра Крісто «Зруйнувати королівство».','https://whattoread/work/9',NULL,'work',9,'2023-11-18 18:40:53','2023-11-18 18:40:53'),(12,2,'Користувач Berigorra опублікував відгук до книги Джордж Орвелл «1984».','https://whattoread/work/10',NULL,'work',10,'2023-11-18 19:01:56','2023-11-18 19:01:56'),(13,3,'Користувач Berigorra опублікував відгук до книги Джордж Орвелл «1984».','https://whattoread/work/10',NULL,'work',10,'2023-11-18 19:01:56','2023-11-18 19:01:56'),(14,2,'Користувач Berigorra опублікував відгук до книги Сара Дж. Маас «Двір шипів і троянд».','https://whattoread/work/6',NULL,'work',6,'2023-11-19 21:49:41','2023-11-19 21:49:41'),(15,3,'Користувач Berigorra опублікував відгук до книги Сара Дж. Маас «Двір шипів і троянд».','https://whattoread/work/6',NULL,'work',6,'2023-11-19 21:49:41','2023-11-19 21:49:41'),(16,2,'Користувач Berigorra опублікував відгук до книги Сара Дж. Маас «Двір мороку і гніву».','https://whattoread/work/7',NULL,'work',7,'2023-11-19 21:50:10','2023-11-19 21:50:10'),(17,3,'Користувач Berigorra опублікував відгук до книги Сара Дж. Маас «Двір мороку і гніву».','https://whattoread/work/7',NULL,'work',7,'2023-11-19 21:50:10','2023-11-19 21:50:10'),(18,2,'Користувач Berigorra опублікував відгук до книги Діана Вінн Джонс «Мандрівний замок Хаула».','https://whattoread/work/11',NULL,'work',11,'2023-11-19 21:50:45','2023-11-19 21:50:45'),(19,3,'Користувач Berigorra опублікував відгук до книги Діана Вінн Джонс «Мандрівний замок Хаула».','https://whattoread/work/11',NULL,'work',11,'2023-11-19 21:50:45','2023-11-19 21:50:45'),(22,2,'Користувач Berigorra опублікував блог «Життя прекрасне».','https://whattoread/blog/2',NULL,'blog',2,'2023-11-20 19:43:18','2023-11-20 19:43:18'),(23,3,'Користувач Berigorra опублікував блог «Життя прекрасне».','https://whattoread/blog/2',NULL,'blog',2,'2023-11-20 19:43:18','2023-11-20 19:43:18');
/*!40000 ALTER TABLE `notifications` ENABLE KEYS */;
UNLOCK TABLES;

--
-- Temporary view structure for view `option_percentage`
--

DROP TABLE IF EXISTS `option_percentage`;
/*!50001 DROP VIEW IF EXISTS `option_percentage`*/;
SET @saved_cs_client     = @@character_set_client;
/*!50503 SET character_set_client = utf8mb4 */;
/*!50001 CREATE VIEW `option_percentage` AS SELECT 
 1 AS `w_id`,
 1 AS `opt_id`,
 1 AS `opt_group_id`,
 1 AS `opt_name`,
 1 AS `opt_percentage`*/;
SET character_set_client = @saved_cs_client;

--
-- Table structure for table `p_alt_names`
--

DROP TABLE IF EXISTS `p_alt_names`;
/*!40101 SET @saved_cs_client     = @@character_set_client */;
/*!50503 SET character_set_client = utf8mb4 */;
CREATE TABLE `p_alt_names` (
  `id` int NOT NULL AUTO_INCREMENT,
  `person_id` int NOT NULL,
  `name` varchar(45) NOT NULL,
  PRIMARY KEY (`id`)
) ENGINE=InnoDB AUTO_INCREMENT=8 DEFAULT CHARSET=utf8mb4 COLLATE=utf8mb4_0900_ai_ci;
/*!40101 SET character_set_client = @saved_cs_client */;

--
-- Dumping data for table `p_alt_names`
--

LOCK TABLES `p_alt_names` WRITE;
/*!40000 ALTER TABLE `p_alt_names` DISABLE KEYS */;
INSERT INTO `p_alt_names` VALUES (1,2,'Франко Іван'),(2,3,'Блек Голлі'),(3,4,'Маас Сара Джанет'),(4,6,'Орвелл Джордж'),(5,8,'Джером Клапка Джером'),(6,9,'Костенко Ліна'),(7,10,'Багряний Іван');
/*!40000 ALTER TABLE `p_alt_names` ENABLE KEYS */;
UNLOCK TABLES;

--
-- Table structure for table `person`
--

DROP TABLE IF EXISTS `person`;
/*!40101 SET @saved_cs_client     = @@character_set_client */;
/*!50503 SET character_set_client = utf8mb4 */;
CREATE TABLE `person` (
  `id` int NOT NULL AUTO_INCREMENT,
  `name` varchar(60) NOT NULL,
  `birthdate` int DEFAULT NULL,
  `deathdate` int DEFAULT NULL,
  `bio` mediumtext,
  `is_avtor` tinyint DEFAULT NULL,
  `is_translator` tinyint DEFAULT NULL,
  `is_designer` tinyint DEFAULT NULL,
  `is_illustrator` tinyint DEFAULT NULL,
  `notes` mediumtext,
  `links` mediumtext,
  PRIMARY KEY (`id`)
) ENGINE=InnoDB AUTO_INCREMENT=35 DEFAULT CHARSET=utf8mb4 COLLATE=utf8mb4_0900_ai_ci;
/*!40101 SET character_set_client = @saved_cs_client */;

--
-- Dumping data for table `person`
--

LOCK TABLES `person` WRITE;
/*!40000 ALTER TABLE `person` DISABLE KEYS */;
INSERT INTO `person` VALUES (2,'Іван Франко',NULL,NULL,NULL,1,NULL,NULL,NULL,NULL,NULL),(3,'Голлі Блек',NULL,NULL,NULL,1,NULL,NULL,NULL,NULL,NULL),(4,'Сара Дж. Маас',NULL,NULL,NULL,1,NULL,NULL,NULL,NULL,NULL),(5,'Александра Крісто',NULL,NULL,NULL,1,NULL,NULL,NULL,NULL,NULL),(6,'Джордж Орвелл',NULL,NULL,NULL,1,NULL,NULL,NULL,NULL,NULL),(7,'Діана Вінн Джонс',NULL,NULL,NULL,1,NULL,NULL,NULL,NULL,NULL),(8,'Джером К. Джером',NULL,NULL,NULL,1,NULL,NULL,NULL,NULL,NULL),(9,'Ліна Костенко',NULL,NULL,NULL,1,NULL,NULL,NULL,NULL,NULL),(10,'Іван Багряний',NULL,NULL,NULL,1,NULL,NULL,NULL,NULL,NULL),(11,'Ернест Гемінґвей',NULL,NULL,'<p>Це тест. <strong>Тест.</strong></p>\r\n<ul>\r\n<li><strong>1</strong></li>\r\n<li><strong>2</strong></li>\r\n<li><strong>3-ій пункт</strong></li>\r\n</ul>\r\n<p><strong><img src=\"https://st.booknet.ua/uploads/user_avatars_new/160/1671985392_7299304.jpg\" alt=\"\" width=\"160\" height=\"160\"></strong></p>\r\n<p>&nbsp;</p>',1,NULL,NULL,NULL,NULL,NULL),(12,'Олекса Логвиненко',NULL,NULL,NULL,NULL,1,NULL,NULL,NULL,NULL),(13,'Іван Нечуй-Левицький',NULL,NULL,NULL,1,NULL,NULL,NULL,NULL,NULL),(14,'Джером Девід Селінджер',NULL,NULL,NULL,1,NULL,NULL,NULL,NULL,NULL),(15,'Луїза Мей Олкотт',NULL,NULL,NULL,1,NULL,NULL,NULL,NULL,NULL),(16,'Джон Віндем',NULL,NULL,NULL,1,NULL,NULL,NULL,NULL,NULL),(17,'Ігор Андрущенко',NULL,NULL,NULL,NULL,1,NULL,NULL,NULL,NULL),(18,'Анатолій Саган',NULL,NULL,NULL,NULL,1,NULL,NULL,NULL,NULL),(19,'Александр Дюма',NULL,NULL,NULL,1,NULL,NULL,NULL,NULL,NULL),(20,'Керстін Ґір',NULL,NULL,NULL,1,NULL,NULL,NULL,NULL,NULL),(21,'Артур Конан Дойл',NULL,NULL,NULL,1,NULL,NULL,NULL,NULL,NULL),(22,'Крессида Ковелл',NULL,NULL,NULL,1,NULL,NULL,NULL,NULL,NULL),(23,'Володимир Рутківський',NULL,NULL,NULL,1,NULL,NULL,NULL,NULL,NULL),(24,'Елеонор Портер',NULL,NULL,NULL,1,NULL,NULL,NULL,NULL,NULL),(25,'Олександр Грін',NULL,NULL,NULL,1,NULL,NULL,NULL,NULL,NULL),(26,'Богдана Носенок',NULL,NULL,NULL,NULL,1,NULL,NULL,NULL,NULL),(27,'Едгар Аллан По',NULL,NULL,NULL,1,NULL,NULL,NULL,NULL,NULL),(28,'Іван Котляревський',NULL,NULL,NULL,1,NULL,NULL,NULL,NULL,NULL),(29,'Рей Бредбері',NULL,NULL,NULL,1,NULL,NULL,NULL,NULL,NULL),(30,'Андрій Сем’янків (MED GOblin)',NULL,NULL,NULL,1,NULL,NULL,NULL,NULL,NULL),(31,'Ірина Грабовська',NULL,NULL,NULL,1,NULL,NULL,NULL,NULL,NULL),(32,'Вікторія Шваб',NULL,NULL,NULL,1,NULL,NULL,NULL,NULL,NULL),(33,'Марк Твен',NULL,NULL,NULL,1,NULL,NULL,NULL,NULL,NULL),(34,'Наталія Матолінець',NULL,NULL,NULL,1,NULL,NULL,NULL,NULL,NULL);
/*!40000 ALTER TABLE `person` ENABLE KEYS */;
UNLOCK TABLES;

--
-- Table structure for table `person_edition`
--

DROP TABLE IF EXISTS `person_edition`;
/*!40101 SET @saved_cs_client     = @@character_set_client */;
/*!50503 SET character_set_client = utf8mb4 */;
CREATE TABLE `person_edition` (
  `ed_id` int NOT NULL,
  `p_id` int NOT NULL,
  `name` varchar(45) NOT NULL,
  `type` int NOT NULL,
  PRIMARY KEY (`ed_id`,`p_id`,`type`)
) ENGINE=InnoDB DEFAULT CHARSET=utf8mb4 COLLATE=utf8mb4_0900_ai_ci;
/*!40101 SET character_set_client = @saved_cs_client */;

--
-- Dumping data for table `person_edition`
--

LOCK TABLES `person_edition` WRITE;
/*!40000 ALTER TABLE `person_edition` DISABLE KEYS */;
INSERT INTO `person_edition` VALUES (2,2,'Іван Франко',1),(3,3,'Голлі Блек',1),(4,3,'Голлі Блек',1),(5,3,'Голлі Блек',1),(6,4,'Сара Дж. Маас',1),(7,4,'Сара Дж. Маас',1),(8,4,'Сара Дж. Маас',1),(9,5,'Александра Крісто',1),(10,6,'Джордж Орвелл',1),(11,7,'Діана Вінн Джонс',1),(12,8,'Джером К. Джером',1),(13,9,'Ліна Костенко',1),(14,10,'Іван Багряний',1),(15,6,'Джордж Орвелл',1),(16,11,'Ернест Гемінґвей',1),(17,14,'Джером Девід Селінджер',1),(18,15,'Луїза Мей Олкотт',1),(19,16,'Джон Віндем',1),(20,20,'Керстін Ґір',1),(25,20,'Керстін Ґір',1),(26,20,'Керстін Ґір',1),(27,13,'Іван Нечуй-Левицький',1),(28,21,'Артур Конан Дойл',1),(29,22,'Крессида Ковелл',1),(30,23,'Володимир Рутківський',1),(31,24,'Елеонор Портер',1),(32,24,'Елеонор Портер',1),(33,19,'Александр Дюма',1),(34,25,'Олександр Грін',1),(35,25,'Олександр Грін',1),(36,27,'Едгар Аллан По',1),(37,28,'Іван Котляревський',1),(38,29,'Рей Бредбері',1),(39,30,'Андрій Сем’янків (MED GOblin)',1),(40,31,'Ірина Грабовська',1),(41,31,'Ірина Грабовська',1),(42,32,'Вікторія Шваб',1),(43,33,'Марк Твен',1),(44,34,'Наталія Матолінець',1);
/*!40000 ALTER TABLE `person_edition` ENABLE KEYS */;
UNLOCK TABLES;

--
-- Table structure for table `publisher`
--

DROP TABLE IF EXISTS `publisher`;
/*!40101 SET @saved_cs_client     = @@character_set_client */;
/*!50503 SET character_set_client = utf8mb4 */;
CREATE TABLE `publisher` (
  `id` int NOT NULL AUTO_INCREMENT,
  `name` varchar(100) NOT NULL,
  `year` int DEFAULT NULL,
  `country_id` int DEFAULT NULL,
  `city` varchar(45) DEFAULT NULL,
  `address` varchar(100) DEFAULT NULL,
  `about` mediumtext,
  `notes` mediumtext,
  `links` mediumtext,
  PRIMARY KEY (`id`)
) ENGINE=InnoDB AUTO_INCREMENT=17 DEFAULT CHARSET=utf8mb4 COLLATE=utf8mb4_0900_ai_ci;
/*!40101 SET character_set_client = @saved_cs_client */;

--
-- Dumping data for table `publisher`
--

LOCK TABLES `publisher` WRITE;
/*!40000 ALTER TABLE `publisher` DISABLE KEYS */;
INSERT INTO `publisher` VALUES (1,'Vivat',NULL,NULL,NULL,NULL,NULL,NULL,NULL),(2,'Фоліо',NULL,NULL,NULL,NULL,NULL,NULL,NULL),(3,'Видавництво Старого Лева',NULL,NULL,NULL,NULL,NULL,NULL,NULL),(4,'Знання',NULL,NULL,NULL,NULL,NULL,NULL,NULL),(5,'А-БА-БА-ГА-ЛА-МА-ГА',NULL,NULL,NULL,NULL,NULL,NULL,NULL),(6,'Апріорі',NULL,NULL,NULL,NULL,NULL,NULL,NULL),(7,'BookChef',NULL,NULL,NULL,NULL,NULL,NULL,NULL),(8,'Навчальна книга - Богдан',NULL,NULL,NULL,NULL,NULL,NULL,NULL),(9,'Клуб Сімейного Дозвілля',NULL,NULL,NULL,NULL,NULL,NULL,NULL),(10,'Видавничий дім «Школа»',NULL,NULL,NULL,NULL,NULL,NULL,NULL),(11,'КМ-Букс',NULL,NULL,NULL,NULL,NULL,NULL,NULL),(12,'РМ',NULL,NULL,NULL,NULL,NULL,NULL,NULL),(13,'Махаон',NULL,NULL,NULL,NULL,NULL,NULL,NULL),(14,'ЗАТ «НКП»',NULL,NULL,NULL,NULL,NULL,NULL,NULL),(15,'Віхола',NULL,NULL,NULL,NULL,NULL,NULL,NULL),(16,'#книголав',NULL,NULL,NULL,NULL,NULL,NULL,NULL);
/*!40000 ALTER TABLE `publisher` ENABLE KEYS */;
UNLOCK TABLES;

--
-- Table structure for table `quote`
--

DROP TABLE IF EXISTS `quote`;
/*!40101 SET @saved_cs_client     = @@character_set_client */;
/*!50503 SET character_set_client = utf8mb4 */;
CREATE TABLE `quote` (
  `id` int NOT NULL AUTO_INCREMENT,
  `w_id` int NOT NULL,
  `text` varchar(1000) NOT NULL,
  `user_id` int NOT NULL,
  PRIMARY KEY (`id`)
) ENGINE=InnoDB AUTO_INCREMENT=4 DEFAULT CHARSET=utf8mb4 COLLATE=utf8mb4_0900_ai_ci;
/*!40101 SET character_set_client = @saved_cs_client */;

--
-- Dumping data for table `quote`
--

LOCK TABLES `quote` WRITE;
/*!40000 ALTER TABLE `quote` DISABLE KEYS */;
INSERT INTO `quote` VALUES (2,40,'- Привіт! Тату, мамо, в мене тут проблема! - заявив я з порога.\r\n...\r\n- Вийшов геть і повернешся, коли вирішиш цю проблему, - очікувано відповіла мама.',1),(3,40,'- Сьогодні чудовий суботній день, - продовжував Косіу, вимірюючи кроками килим. - З поваги до ваших батьків я вважаю за потрібне вирішити це питання спокійно, без зайвого шуму.\r\nО, чудово. Люблю вирішувати питання трупа біля вхідних дверей без зайвого шуму.',1);
/*!40000 ALTER TABLE `quote` ENABLE KEYS */;
UNLOCK TABLES;

--
-- Table structure for table `rating`
--

DROP TABLE IF EXISTS `rating`;
/*!40101 SET @saved_cs_client     = @@character_set_client */;
/*!50503 SET character_set_client = utf8mb4 */;
CREATE TABLE `rating` (
  `w_id` int NOT NULL,
  `user_id` int NOT NULL,
  `value` int NOT NULL,
  PRIMARY KEY (`w_id`,`user_id`)
) ENGINE=InnoDB DEFAULT CHARSET=utf8mb4 COLLATE=utf8mb4_0900_ai_ci;
/*!40101 SET character_set_client = @saved_cs_client */;

--
-- Dumping data for table `rating`
--

LOCK TABLES `rating` WRITE;
/*!40000 ALTER TABLE `rating` DISABLE KEYS */;
INSERT INTO `rating` VALUES (2,1,8),(2,2,7),(2,3,7),(3,1,7),(3,2,7),(3,3,8),(4,1,8),(4,2,8),(4,3,7),(5,1,7),(5,2,9),(5,3,8),(6,1,8),(6,2,5),(6,3,5),(7,1,5),(7,2,5),(7,3,6),(8,2,7),(8,3,6),(9,1,7),(9,2,4),(9,3,7),(10,1,8),(10,2,6),(10,3,7),(11,1,8),(11,2,3),(11,3,6),(12,1,9),(12,2,3),(12,3,3),(13,1,9),(13,2,7),(13,3,6),(14,1,8),(14,2,5),(14,3,7),(15,1,8),(15,2,4),(15,3,3),(16,1,8),(16,2,7),(16,3,6),(17,1,6),(17,2,3),(17,3,3),(18,1,7),(18,3,6),(19,1,8),(19,3,3),(20,1,8),(20,3,6),(21,3,4),(23,3,6),(24,1,7),(24,3,3),(25,1,7),(25,3,4),(26,1,9),(26,3,4),(27,1,9),(27,3,6),(28,1,10),(28,2,5),(28,3,7),(29,1,10),(29,2,6),(29,3,4),(30,1,7),(30,2,7),(30,3,5),(31,1,9),(31,2,7),(32,1,9),(33,1,2),(33,2,7),(34,1,8),(34,2,5),(35,2,7),(36,2,6),(37,2,3),(37,3,5),(39,1,9);
/*!40000 ALTER TABLE `rating` ENABLE KEYS */;
UNLOCK TABLES;

--
-- Table structure for table `review`
--

DROP TABLE IF EXISTS `review`;
/*!40101 SET @saved_cs_client     = @@character_set_client */;
/*!50503 SET character_set_client = utf8mb4 */;
CREATE TABLE `review` (
  `id` int NOT NULL AUTO_INCREMENT,
  `user_id` int NOT NULL,
  `w_id` int NOT NULL,
  `text` mediumtext NOT NULL,
  `date` date DEFAULT NULL,
  `is_public` tinyint DEFAULT NULL,
  `created_at` datetime DEFAULT NULL,
  PRIMARY KEY (`id`)
) ENGINE=InnoDB AUTO_INCREMENT=13 DEFAULT CHARSET=utf8mb4 COLLATE=utf8mb4_0900_ai_ci;
/*!40101 SET character_set_client = @saved_cs_client */;

--
-- Dumping data for table `review`
--

LOCK TABLES `review` WRITE;
/*!40000 ALTER TABLE `review` DISABLE KEYS */;
INSERT INTO `review` VALUES (1,1,3,'Спершу починала читати, але закинула. Наткнулась на збоченські стосунки між деякими другорядними персонажами - це мій головний укол книзі. Але потім вирішила повернутись і зрештою не пошкодувала) Що нетипово, то це зростання цікавості книг протягом серії, коли зазвичай працює зворотний закон. Ось ця перша частина - найслабша, а кожна наступна - цікавіша.\r\n\r\nАле повернусь до цієї. Перші думки від читання - порівняння з \"Двором шипів і троянд\" Сари Маас. Все-таки це дуже порівнювані твори. І що тут сказати... З жалем думала, що початку книги від Голлі Блек не вистачає деякого шарму Сари Маас (того, що метеляється винятково на початку \"ДШІТ\", а потім невідомо, куди-то він зник). Концепція народу фейрі сама по собі цікава. Здатність зачарувати смертних (людей, себто) одним словом і змусити собі служити, здатність чаклувати, накладати прокляття, але нездатність... брехати. Хіба гратися словами, щоб видати їх за інше, ніж вони означають насправді. Але представлення цього народу... Наче все разом накидане на купу. Мені було надто багато видів, надто екстравагантна зовнішність, якої я не запам\'ятаю: там зелена шкіра, там коричнева, там ріжки прямі, а там закручені... а там ще був хвіст? На початку нам представляють сцену розправи, як основоположну подію в життя героїні, але вона не проймає, а потім пів книги розписують, як цю героїню принижують та мучать, а вона в цьому бовтається і нічого в неї не клеїться, і це все так депресивненько... Поки після деякого кривавого місива героїні не трапляється під столом деякий герой, і осьдечки вона по-справжньому показує зубки))\r\n\r\nЦей самий герой стає цікавим лише з цього моменту. Звісно, він наш Жорстокий принц, і до цього ми бачили купу свідчень його жорстокості, а особливо в ставленні до нашої героїні, але коли він в її владі, а не навпаки, то все набагато цікавіше)) Прагнення влади, гострий розум, стійкість до відчаю, здатність всіх повбивати та ошукати - це те, що демонструє героїня. Особливо гарно їй дається останній сюжетний хід, і закінчення книги таке, що провокує одразу братись за наступну.','2012-05-20',1,'2023-11-14 08:41:48'),(2,1,4,'Того ж дня, як закінчила читати першу частину, взялась за цю: кінцем авторка вміє зачепити) Як і в першій частині, напрошується порівняння з Сарою Маас та її \"Двором шипів і троянд\", але тепер не на користь Сари Маас. Адже на, мій смак, їй вдався лише початок, а далі все сумніше й сумніше... А тут навпаки - все веселіше й веселіше. Великий такий плюс, що після досягнень першої частини героїня не розвалюється, а продовжує рости далі. Під її владою сам Верховний король, але вона нікому не має цього виказати... А йому тільки алкоголь дудлити. Поки вона рветься, штрикається на ножах-мечах, тримає королівство, розкриває змови, приповзає ледве жива... Героїнею я задоволена, а от герой в кінці повеселив) Правда, я ще в першій частині мала запитання: а де... воно? Кохання, маю на увазі. Це що, не про нього? Щастя то яке! Звичайно, жартую. Без кохання - то не діло. Але щоб замістити ним всі приповзання героїні ледве живою - це був би злочин. Еволюція їхніх почуттів мене задовільняє: дуже така непевна і слабенька, а в кінці, як на мене, то ще й веселенька) Часом хилить подумати: а як воно йому, бути їй підвладним, мусити виконати будь-який її наказ? Один рік і один день! А як воно їй: не дати наказів замало і не дати забагато, не дати себе надурити, якось втримати владу... а як?\r\n\r\nАле кінець мене все-таки повеселив) Та так, що я зовсім розгубилась, що собою представляє наш герой Кардан, та й одразу взялась досліджувати це питання в наступній частині.','2013-05-20',1,'2023-11-14 08:44:31'),(3,1,5,'І того ж дня, як я дочитала попередню частину, налетіла на цю. Бо кінцем авторка вміє зачепити) І вийшла ця частина найцікавішою, в основному, через остаточну еволюцію почуттів Джуд і Кардана. В кінці попередньої частини він весь такий підступний, так її ошукав... А тут - опа! - і такий бубочка. Такий він став милий, так на них дивитись любо. [ Бо це ж вона всіх завжди ошукує... А тут він її ошукав... щоб вразити? Тільки не чекав, що вона образиться аж так, та ще й повірить, що то він серйозно пригрозив їй стратою? Лелечки, як мило) Я просто тану)) Не розумію, чому мені так мило, але дуже мило)))]\r\n\r\nЗвичайно, грішків за ним багато: Жорстокий принц і все-таке... Але ж за нею теж. У тому річ, що вони одне одного варті. Вони пасують одне одному, і це чудово. Вони зростають, і це вражає - особливо, зростання Кардана, його несподіваний хід з короною. Правда, після цього ходу мене серйозно напружували думки героїні. (view spoiler) Отож її раптовий, вирішальний вибір мене заспокоїв. Навіть якби все не вийшло так щасливо, це був значно кращий вибір, і це характеризує її... якось по-справжньому. Ні влада, ні королівство, ні все, чого вона домагалась, не варте... чого? Навіть не його життя, а тільки його волі. Оце остаточна еволюція почуттів. Хай там як, дуже я за них щаслива, дуже мене порадувала ця частина)))','2014-05-20',1,'2023-11-14 08:45:14'),(5,1,9,'Скоріш за все, це збірник шаблонів, але й тут є моменти, гідні похвали. Здебільшого вони на початку: знайомство із сиренами, їх жорстокими звичаями та підводним світом. Саме належністю до цього світу цікава героїня: не вдає моралістку, хоче влади, буде вбивати, але має межу, за яку не переступить. Всі інші персонажі - пусті декорації. Ми чуємо їхні історії, вони навіть говорять якісь фрази, але їм не віриш, їх не чуєш і навіть не бачиш. Наш герой, принц Еліан - суцільний шаблон. Влади він не хоче, йому б тільки моря та сирен нищити, але нищити йому неприємно, та тільки обов\'язок змушує. Ай, зіпсував він нашу героїню: із прекрасної жорстокої сирени вона котиться до трепетної закоханої недо-когось. Оповідь ведеться від двох персонажів, але при цьому нічим не різниться: ні манерою викладу, ні метафорами та порівняннями. Разом із тим, читалось цікаво.','2010-10-20',1,'2023-11-18 18:40:53'),(6,1,10,'Найбільше причарував мене початок - введення у світ, телезахисти, які не вимкнеш, і вони щохвилини гудять пропаганду, ще й записують кожен твій крок; Міністерство Правди - Мініправда, що займається брехнею, Мінідостаток, що займається голодом та зменшенням пайків, та ще Мінімир, що керує війною. Три чудові гасла: \"Воля - це рабство. Війна - це мир. Байдужість - це сила\". Старший брат, який невідомо коли з\'явився, але ніколи не помре, бо навряд чи існує, але стежить за тобою з кожного плакату. Робота головного героя - отримувати вказівки й переписувати документи, минуле, щоб воно відповідало кожній забаганці Партії. Хто керує сьогоденням, той керує минулим і майбутнім. Адже як ти можеш щось стверджувати, якщо це твердження лише в твоїй голові, а всі документи свідчать інакше? Якщо ще вчора ви воювали зі Східазією - і воювали з нею завжди, а вже сьогодні - з Євразію, і воювали з нею завжди, а зі Східазією - ніколи. Коли витає найстрашніше поняття \"думкозлочин\". Якщо ти вчинив його, ти мрець. Втім, середина книги трохи провисає. А ось кінець - єдиноможливий. Повний злам і знищення особистості. Не дивно, що більшості москалів не сподобався твір: це все про них.','2024-09-20',1,'2023-11-18 19:01:56'),(7,1,6,'Чесно, найбільше сподобався початок: розпач голоду й холоду, особистість героїні, твердої та відчайдушної, що змушена виживати. Вже потім вона не виправдовує початкових параметрів: деколи безглузда й жалюгідна, огризається там, де повинна бути вдячна, бездумно наражається на небезпеки, ще й пристрасть спалахує раптово з нічого. Розповідь нерівномірна, коливається під одноманітних чаювань та прогулянок до смертельної небезпеки й жорстоких тортур. Поступово образи головних персонажів блідніють перед другорядними. Але хочеться продовження.','2014-09-20',1,'2023-11-19 21:49:41'),(8,1,7,'Я не змогла дочитати. Така гидота, що гидотніше уявити важко. Героїня, що начебто була сильною, скочується до розбитого пустого створіння, що блює мало не на кожній сторінці. Персонажі перекручені до невпізнання. Темлін, що в першій частині - благородний герой, з розумінням і добротою, хоч в кінці й трохи змазаний - постає глухою самозакоханою тварюкою, якій від героїні потрібні лише втіхи й потомство. А ось Різанд - наш неоднозначний темний красень, що творив страшні жорстокі речі - раптом постає ніжним, чутливим чоловіком, який заради свого народу та сім\'ї готовий на все. Він так протиставляється Темліну, що в нього вже зовсім немає недоліків. Другорядні персонажі з жалісливими історіями - просто набір слів, який не викликає емоцій. Смертельні небезпеки, коли не переживаєш за героїв. Тупі діалоги, вульгарні непристойні фрази, маса води, а ще страждання-страждання-страждання... І сил моїх нема.','2018-09-20',1,'2023-11-19 21:50:10'),(9,1,11,'Книга напрочуд легка та захоплива, місцями непередбачувана, навіть гуморна. Читається дуже швидко, і хоч подеколи думаєш: \"ага, а ось тут авторка має провтик\", виявляється, що ніякого провтику нема, а закрутила авторка добряче. Цікаві образи персонажів, особливо Хаула - який може валятися з легкою застудою і скімлити, що помирає, а може й бути героєм, що мчиться рятувати світ.','2019-08-20',1,'2023-11-19 21:50:45'),(12,1,40,'34r34r34r34r34',NULL,0,'2024-02-03 15:21:39');
/*!40000 ALTER TABLE `review` ENABLE KEYS */;
UNLOCK TABLES;

--
-- Table structure for table `translator_item`
--

DROP TABLE IF EXISTS `translator_item`;
/*!40101 SET @saved_cs_client     = @@character_set_client */;
/*!50503 SET character_set_client = utf8mb4 */;
CREATE TABLE `translator_item` (
  `tr_id` int NOT NULL,
  `it_id` int NOT NULL,
  `name` varchar(45) NOT NULL,
  PRIMARY KEY (`tr_id`,`it_id`)
) ENGINE=InnoDB DEFAULT CHARSET=utf8mb4 COLLATE=utf8mb4_0900_ai_ci;
/*!40101 SET character_set_client = @saved_cs_client */;

--
-- Dumping data for table `translator_item`
--

LOCK TABLES `translator_item` WRITE;
/*!40000 ALTER TABLE `translator_item` DISABLE KEYS */;
INSERT INTO `translator_item` VALUES (12,22,'Олекса Логвиненко'),(17,25,'Ігор Андрущенко'),(17,30,'Ігор Андрущенко'),(17,31,'Ігор Андрущенко'),(17,38,'Ігор Андрущенко'),(18,34,'Анатолій Саган'),(26,41,'Богдана Носенок');
/*!40000 ALTER TABLE `translator_item` ENABLE KEYS */;
UNLOCK TABLES;

--
-- Table structure for table `type_of_cover`
--

DROP TABLE IF EXISTS `type_of_cover`;
/*!40101 SET @saved_cs_client     = @@character_set_client */;
/*!50503 SET character_set_client = utf8mb4 */;
CREATE TABLE `type_of_cover` (
  `id` int NOT NULL AUTO_INCREMENT,
  `name` varchar(45) NOT NULL,
  PRIMARY KEY (`id`)
) ENGINE=InnoDB AUTO_INCREMENT=8 DEFAULT CHARSET=utf8mb4 COLLATE=utf8mb4_0900_ai_ci;
/*!40101 SET character_set_client = @saved_cs_client */;

--
-- Dumping data for table `type_of_cover`
--

LOCK TABLES `type_of_cover` WRITE;
/*!40000 ALTER TABLE `type_of_cover` DISABLE KEYS */;
INSERT INTO `type_of_cover` VALUES (1,'тверда'),(2,'м\'яка'),(3,'гнучка'),(4,'інтегральна'),(5,'тверда, матова'),(6,'м\'яка, матова'),(7,'м\'яка, глянцева');
/*!40000 ALTER TABLE `type_of_cover` ENABLE KEYS */;
UNLOCK TABLES;

--
-- Temporary view structure for view `user_classification_count`
--

DROP TABLE IF EXISTS `user_classification_count`;
/*!50001 DROP VIEW IF EXISTS `user_classification_count`*/;
SET @saved_cs_client     = @@character_set_client;
/*!50503 SET character_set_client = utf8mb4 */;
/*!50001 CREATE VIEW `user_classification_count` AS SELECT 
 1 AS `w_id`,
 1 AS `user_count`*/;
SET character_set_client = @saved_cs_client;

--
-- Table structure for table `users`
--

DROP TABLE IF EXISTS `users`;
/*!40101 SET @saved_cs_client     = @@character_set_client */;
/*!50503 SET character_set_client = utf8mb4 */;
CREATE TABLE `users` (
  `id` int NOT NULL AUTO_INCREMENT,
  `name` varchar(45) NOT NULL,
  `email` varchar(80) NOT NULL,
  `password` varchar(100) NOT NULL,
  `about` mediumtext,
  `role` varchar(15) DEFAULT NULL,
  `banned_until` datetime DEFAULT NULL,
  `created_at` datetime DEFAULT NULL,
  `updated_at` datetime DEFAULT NULL,
  `remember_token` varchar(100) DEFAULT NULL,
  PRIMARY KEY (`id`),
  UNIQUE KEY `email_UNIQUE` (`email`)
) ENGINE=InnoDB AUTO_INCREMENT=4 DEFAULT CHARSET=utf8mb4 COLLATE=utf8mb4_0900_ai_ci;
/*!40101 SET character_set_client = @saved_cs_client */;

--
-- Dumping data for table `users`
--

LOCK TABLES `users` WRITE;
/*!40000 ALTER TABLE `users` DISABLE KEYS */;
INSERT INTO `users` VALUES (1,'Berigorra','berigorra@gmail.com','$2y$10$7vI3n6HEDX2JnsFYkPtn2ejRmmLWgHglMyyAqKqz01297x38XPzaS','Чудова людина, розробниця сайту, адмін і супер юзер.','admin',NULL,'2023-11-13 21:48:48','2023-11-13 21:48:48',NULL),(2,'User','user@gmail.com','$2y$10$EqApJZl64HkEEqRDWZwBvu4YAyilXcKJMIf4VNY.qqCOEIu.RSOP6',NULL,'moderator',NULL,'2023-11-13 21:49:04','2023-11-13 21:49:04','7Qc6aRRTfHJ3PGz1m9YQw6K51sqYFqEv8HIFLI6k3Z4QtOOR0ZrDb6yYp3DI'),(3,'Телефонний хробачок','phone@gmail.com','$2y$10$FqL3TrtMZNCgQCs7T/IZ7e.w0Lv1hU.9cKBd6FTmkZGOamTdvCiUa',NULL,NULL,NULL,'2023-11-13 21:49:19','2023-11-13 21:49:19',NULL);
/*!40000 ALTER TABLE `users` ENABLE KEYS */;
UNLOCK TABLES;

--
-- Table structure for table `w_alt_names`
--

DROP TABLE IF EXISTS `w_alt_names`;
/*!40101 SET @saved_cs_client     = @@character_set_client */;
/*!50503 SET character_set_client = utf8mb4 */;
CREATE TABLE `w_alt_names` (
  `id` int NOT NULL AUTO_INCREMENT,
  `work_id` int NOT NULL,
  `name` varchar(45) NOT NULL,
  PRIMARY KEY (`id`)
) ENGINE=InnoDB AUTO_INCREMENT=4 DEFAULT CHARSET=utf8mb4 COLLATE=utf8mb4_0900_ai_ci;
/*!40101 SET character_set_client = @saved_cs_client */;

--
-- Dumping data for table `w_alt_names`
--

LOCK TABLES `w_alt_names` WRITE;
/*!40000 ALTER TABLE `w_alt_names` DISABLE KEYS */;
INSERT INTO `w_alt_names` VALUES (1,26,'Як приручити дракона. Книга 1'),(2,36,'Замок із кришталю. Книга 1. Зірки й кістки'),(3,37,'Замок із кришталю. Книга 2. Земля крилатих');
/*!40000 ALTER TABLE `w_alt_names` ENABLE KEYS */;
UNLOCK TABLES;

--
-- Table structure for table `work`
--

DROP TABLE IF EXISTS `work`;
/*!40101 SET @saved_cs_client     = @@character_set_client */;
/*!50503 SET character_set_client = utf8mb4 */;
CREATE TABLE `work` (
  `id` int NOT NULL AUTO_INCREMENT,
  `name` varchar(100) NOT NULL,
  `genre_id` int DEFAULT NULL,
  `year` int DEFAULT NULL,
  `language_id` int DEFAULT NULL,
  `main_edition` int DEFAULT NULL,
  `notes` mediumtext,
  `links` mediumtext,
  PRIMARY KEY (`id`)
) ENGINE=InnoDB AUTO_INCREMENT=41 DEFAULT CHARSET=utf8mb4 COLLATE=utf8mb4_0900_ai_ci;
/*!40101 SET character_set_client = @saved_cs_client */;

--
-- Dumping data for table `work`
--

LOCK TABLES `work` WRITE;
/*!40000 ALTER TABLE `work` DISABLE KEYS */;
INSERT INTO `work` VALUES (2,'Захар Беркут',NULL,NULL,NULL,NULL,NULL,NULL),(3,'Жорстокий принц',NULL,NULL,NULL,NULL,NULL,NULL),(4,'Лихий король',NULL,NULL,NULL,NULL,NULL,NULL),(5,'Королева порожнечі',NULL,NULL,NULL,NULL,NULL,NULL),(6,'Двір шипів і троянд',NULL,NULL,NULL,NULL,NULL,NULL),(7,'Двір мороку і гніву',NULL,NULL,NULL,NULL,NULL,NULL),(8,'Двір крил і руїн',NULL,NULL,NULL,NULL,NULL,NULL),(9,'Зруйнувати королівство',NULL,NULL,NULL,NULL,NULL,NULL),(10,'1984',NULL,NULL,NULL,NULL,NULL,NULL),(11,'Мандрівний замок Хаула',NULL,NULL,NULL,NULL,NULL,NULL),(12,'Троє у човні (не кажучи про пса!)',NULL,NULL,NULL,NULL,NULL,NULL),(13,'Маруся Чурай',NULL,NULL,NULL,NULL,NULL,NULL),(14,'Тигролови',NULL,NULL,NULL,NULL,NULL,NULL),(15,'Колгосп тварин',NULL,NULL,NULL,NULL,NULL,NULL),(16,'Старий і море',NULL,NULL,NULL,NULL,NULL,NULL),(17,'Ловець у житі',NULL,NULL,NULL,NULL,NULL,NULL),(18,'Маленькі жінки',NULL,NULL,NULL,NULL,NULL,NULL),(19,'День триффідів',NULL,NULL,NULL,NULL,NULL,NULL),(20,'Граф Монте-Крісто',NULL,NULL,NULL,NULL,NULL,NULL),(21,'Рубінова книга',NULL,NULL,NULL,NULL,NULL,NULL),(22,'Сапфірова книга',NULL,NULL,NULL,NULL,NULL,NULL),(23,'Смарагдова книга',NULL,NULL,NULL,NULL,NULL,NULL),(24,'Кайдашева сім\'я',NULL,NULL,NULL,NULL,NULL,NULL),(25,'Утрачений світ',NULL,NULL,NULL,NULL,NULL,NULL),(26,'Як приручити дракона',NULL,NULL,NULL,NULL,NULL,NULL),(27,'Сині Води',NULL,NULL,NULL,NULL,NULL,NULL),(28,'Поліанна',NULL,NULL,NULL,NULL,NULL,NULL),(29,'Поліанна виростає',NULL,NULL,NULL,NULL,NULL,NULL),(30,'Та, що біжить по хвилях',NULL,NULL,NULL,NULL,NULL,NULL),(31,'Пурпурові вітрила',NULL,NULL,NULL,NULL,NULL,NULL),(32,'Золотий жук',NULL,NULL,NULL,NULL,NULL,NULL),(33,'Енеїда',NULL,NULL,NULL,NULL,NULL,NULL),(34,'451 за фаренгейтом',NULL,NULL,NULL,NULL,NULL,NULL),(35,'Танці з кістками',NULL,NULL,NULL,NULL,NULL,NULL),(36,'Зірки й кістки',NULL,NULL,NULL,NULL,NULL,NULL),(37,'Земля крилатих',NULL,NULL,NULL,NULL,NULL,NULL),(38,'Незриме життя Адді Лярю',NULL,NULL,NULL,NULL,NULL,NULL),(39,'Пригоди Тома Сойера',NULL,NULL,NULL,NULL,NULL,NULL),(40,'Всі мої Ключі і Ґайя',NULL,NULL,NULL,NULL,NULL,NULL);
/*!40000 ALTER TABLE `work` ENABLE KEYS */;
UNLOCK TABLES;

--
-- Table structure for table `work_cycle`
--

DROP TABLE IF EXISTS `work_cycle`;
/*!40101 SET @saved_cs_client     = @@character_set_client */;
/*!50503 SET character_set_client = utf8mb4 */;
CREATE TABLE `work_cycle` (
  `w_id` int NOT NULL,
  `c_id` varchar(45) NOT NULL,
  PRIMARY KEY (`w_id`,`c_id`)
) ENGINE=InnoDB DEFAULT CHARSET=utf8mb4 COLLATE=utf8mb4_0900_ai_ci;
/*!40101 SET character_set_client = @saved_cs_client */;

--
-- Dumping data for table `work_cycle`
--

LOCK TABLES `work_cycle` WRITE;
/*!40000 ALTER TABLE `work_cycle` DISABLE KEYS */;
/*!40000 ALTER TABLE `work_cycle` ENABLE KEYS */;
UNLOCK TABLES;

--
-- Final view structure for view `option_percentage`
--

/*!50001 DROP VIEW IF EXISTS `option_percentage`*/;
/*!50001 SET @saved_cs_client          = @@character_set_client */;
/*!50001 SET @saved_cs_results         = @@character_set_results */;
/*!50001 SET @saved_col_connection     = @@collation_connection */;
/*!50001 SET character_set_client      = utf8mb4 */;
/*!50001 SET character_set_results     = utf8mb4 */;
/*!50001 SET collation_connection      = utf8mb4_0900_ai_ci */;
/*!50001 CREATE ALGORITHM=UNDEFINED */
/*!50013 DEFINER=`root`@`localhost` SQL SECURITY DEFINER */
/*!50001 VIEW `option_percentage` AS select `c`.`w_id` AS `w_id`,`co`.`id` AS `opt_id`,`co`.`group_id` AS `opt_group_id`,`co`.`name` AS `opt_name`,((sum((`c`.`option_id` = `co`.`id`)) / `ucc`.`user_count`) * 100) AS `opt_percentage` from ((`classificator` `c` left join `classificator_option` `co` on((`c`.`option_id` = `co`.`id`))) left join `user_classification_count` `ucc` on((`c`.`w_id` = `ucc`.`w_id`))) group by `c`.`w_id`,`co`.`id`,`co`.`name` */;
/*!50001 SET character_set_client      = @saved_cs_client */;
/*!50001 SET character_set_results     = @saved_cs_results */;
/*!50001 SET collation_connection      = @saved_col_connection */;

--
-- Final view structure for view `user_classification_count`
--

/*!50001 DROP VIEW IF EXISTS `user_classification_count`*/;
/*!50001 SET @saved_cs_client          = @@character_set_client */;
/*!50001 SET @saved_cs_results         = @@character_set_results */;
/*!50001 SET @saved_col_connection     = @@collation_connection */;
/*!50001 SET character_set_client      = utf8mb4 */;
/*!50001 SET character_set_results     = utf8mb4 */;
/*!50001 SET collation_connection      = utf8mb4_0900_ai_ci */;
/*!50001 CREATE ALGORITHM=UNDEFINED */
/*!50013 DEFINER=`root`@`localhost` SQL SECURITY DEFINER */
/*!50001 VIEW `user_classification_count` AS select `c`.`w_id` AS `w_id`,count(distinct `c`.`user_id`) AS `user_count` from `classificator` `c` group by `c`.`w_id` */;
/*!50001 SET character_set_client      = @saved_cs_client */;
/*!50001 SET character_set_results     = @saved_cs_results */;
/*!50001 SET collation_connection      = @saved_col_connection */;
/*!40103 SET TIME_ZONE=@OLD_TIME_ZONE */;

/*!40101 SET SQL_MODE=@OLD_SQL_MODE */;
/*!40014 SET FOREIGN_KEY_CHECKS=@OLD_FOREIGN_KEY_CHECKS */;
/*!40014 SET UNIQUE_CHECKS=@OLD_UNIQUE_CHECKS */;
/*!40101 SET CHARACTER_SET_CLIENT=@OLD_CHARACTER_SET_CLIENT */;
/*!40101 SET CHARACTER_SET_RESULTS=@OLD_CHARACTER_SET_RESULTS */;
/*!40101 SET COLLATION_CONNECTION=@OLD_COLLATION_CONNECTION */;
/*!40111 SET SQL_NOTES=@OLD_SQL_NOTES */;

-- Dump completed on 2024-02-04 12:45:46
